,Season,Guest star,Episode title
0,21,Matt Groening,"""Homer the Whopper""[35]"
1,21,Kevin Michael Richardson,"""Homer the Whopper""[36]"
2,21,Seth Rogen,"""Homer the Whopper""[35]"
3,21,Marcia Wallace,"""Bart Gets a ""Z"""""
4,21,Chuck Liddell,"""The Great Wife Hope""[37]"
5,21,Marcia Wallace,"""The Great Wife Hope"""
6,21,Marcia Wallace,"""Treehouse of Horror XX"""
7,21,Marcia Wallace,"""The Devil Wears Nada"""
8,21,Jonah Hill,"""Pranks and Greens""[38]"
9,21,Marcia Wallace,"""Pranks and Greens"""
10,21,Neve Campbell,"""Rednecks and Broomsticks""[39]"
11,21,Kim Cattrall,"""O Brother, Where Bart Thou?""[40]"
12,21,Huell Howser,"""O Brother, Where Bart Thou?""[40]"
13,21,Cooper Manning,"""O Brother, Where Bart Thou?""[40]"
14,21,Eli Manning,"""O Brother, Where Bart Thou?""[40]"
15,21,Peyton Manning,"""O Brother, Where Bart Thou?""[40]"
16,21,Jordan Nagai,"""O Brother, Where Bart Thou?""[40]"
17,21,Smothers Brothers[B],"""O Brother, Where Bart Thou?""[40]"
18,21,Mitch Albom,"""Thursdays with Abie""[41]"
19,21,Marcia Wallace,"""Thursdays with Abie"""
20,21,Anne Hathaway,"""Once Upon a Time in Springfield""[42]"
21,21,Eartha Kitt,"""Once Upon a Time in Springfield""[42]"
22,21,Maurice LaMarche,"""Once Upon a Time in Springfield""[43]"
23,21,Gary Larson,"""Once Upon a Time in Springfield""[42]"
24,21,Jackie Mason,"""Once Upon a Time in Springfield""[42]"
25,21,Chris Martin[C],"""Million Dollar Maybe""[44]"
26,21,Marcia Wallace,"""Million Dollar Maybe"""
27,21,Bob Costas,"""Boy Meets Curl""[45]"
28,21,Wren T. Brown,"""The Color Yellow""[46]"
29,21,Marcia Wallace,"""Postcards from the Wedge"""
30,21,Angela Bassett,"""Stealing First Base""[47]"
31,21,Sarah Silverman,"""Stealing First Base""[47]"
32,21,Sacha Baron Cohen,"""The Greatest Story Ever D'ohed""[48]"
33,21,Yael Naim,"""The Greatest Story Ever D'ohed""[48]"
34,21,Joe Mantegna,"""American History X-cellent""[49]"
35,21,Kevin Michael Richardson,"""American History X-cellent""[49]"
36,21,Jane Kaczmarek,"""Chief of Hearts""[50]"
37,21,Maurice LaMarche,"""Chief of Hearts""[50]"
38,21,Joe Mantegna,"""Chief of Hearts""[50]"
39,21,Eddie Izzard,"""To Surveil with Love""[51]"
40,21,Marcia Wallace,"""To Surveil with Love"""
41,21,Don Pardo,"""Moe Letter Blues""[52]"
42,21,Kelsey Grammer,"""The Bob Next Door""[53]"
43,21,Simon Cowell,"""Judge Me Tender""[54]"
44,21,Ellen DeGeneres,"""Judge Me Tender""[54]"
45,21,Kara DioGuardi,"""Judge Me Tender""[54]"
46,21,Randy Jackson,"""Judge Me Tender""[54]"
47,21,Rupert Murdoch,"""Judge Me Tender""[54]"
48,21,Ryan Seacrest,"""Judge Me Tender""[54]"
49,22,Jemaine Clement,"""Elementary School Musical""[55]"
50,22,Ira Glass,"""Elementary School Musical""[56]"
51,22,Stephen Hawking,"""Elementary School Musical""[56]"
52,22,Bret McKenzie,"""Elementary School Musical""[55]"
53,22,Lea Michele,"""Elementary School Musical""[56]"
54,22,Cory Monteith,"""Elementary School Musical""[56]"
55,22,Amber Riley,"""Elementary School Musical""[56]"
56,22,Terry W. Greene,"""Loan-a Lisa"""
57,22,Chris Hansen,"""Loan-a Lisa""[57]"
58,22,Muhammad Yunus,"""Loan-a Lisa""[58]"
59,22,Mark Zuckerberg,"""Loan-a Lisa""[59]"
60,22,Bill James,"""MoneyBART""[60]"
61,22,Mike Scioscia,"""MoneyBART""[60]"
62,22,Hugh Laurie,"""Treehouse of Horror XXI""[61]"
63,22,Daniel Radcliffe,"""Treehouse of Horror XXI""[62]"
64,22,Terry W. Greene,"""The Fool Monty"""
65,22,Gregg Berger,"""How Munched is That Birdie in the Window?"""
66,22,Danica Patrick,"""How Munched is That Birdie in the Window?""[63]"
67,22,Marcia Wallace,"""How Munched is That Birdie in the Window?"""
68,22,Rachel Weisz,"""How Munched is That Birdie in the Window?""[63]"
69,22,Katy Perry,"""The Fight Before Christmas""[64]"
70,22,Martha Stewart,"""The Fight Before Christmas""[65]"
71,22,Jon Hamm,"""Donnie Fatso""[66]"
72,22,Joe Mantegna,"""Donnie Fatso""[66]"
73,22,Marcia Wallace,"""Moms I'd Like to Forget"""
74,22,Alyson Hannigan,"""Flaming Moe""[67]"
75,22,Scott Thompson,"""Flaming Moe""[67]"
76,22,Kristen Wiig,"""Flaming Moe""[67]"
77,22,Michael Paul Chan,"""Homer the Father""[68]"
78,22,James Lipton,"""Homer the Father""[68]"
79,22,David Mamet,"""Homer the Father""[68]"
80,22,Garry Marshall,"""Homer the Father""[68]"
81,22,Marcia Wallace,"""The Blue and the Gray"""
82,22,Halle Berry,"""Angry Dad: The Movie""[69]"
83,22,Russell Brand,"""Angry Dad: The Movie""[70]"
84,22,Ricky Gervais,"""Angry Dad: The Movie""[71]"
85,22,Terry W. Greene,"""Angry Dad: The Movie"""
86,22,Maurice LaMarche,"""Angry Dad: The Movie""[72]"
87,22,Nick Park,"""Angry Dad: The Movie""[70]"
88,22,J. B. Smoove,"""Angry Dad: The Movie""[70]"
89,22,Werner Herzog,"""The Scorpion's Tale""[73]"
90,22,Kevin Michael Richardson,"""The Scorpion's Tale""[73]"
91,22,Tommy Chong,"""A Midsummer's Nice Dream""[74]"
92,22,Cheech Marin,"""A Midsummer's Nice Dream""[74]"
93,22,Kareem Abdul-Jabbar,"""Love Is a Many Strangled Thing""[75]"
94,22,Kevin Michael Richardson,"""Love Is a Many Strangled Thing""[76]"
95,22,Paul Rudd,"""Love Is a Many Strangled Thing""[75]"
96,22,Marcia Wallace,"""Love Is a Many Strangled Thing"""
97,22,David Copperfield,"""The Great Simpsina""[77]"
98,22,Ricky Jay,"""The Great Simpsina""[77]"
99,22,Penn Jillette,"""The Great Simpsina""[77]"
100,22,Martin Landau,"""The Great Simpsina""[77]"
101,22,Jack McBrayer,"""The Great Simpsina""[77]"
102,22,Teller,"""The Great Simpsina""[77]"
103,22,Joe Mantegna,"""The Real Housewives of Fat Tony""[78]"
104,22,Kristen Schaal[D],"""Homer Scissorhands""[79]"
105,22,Marcia Wallace,"""Homer Scissorhands"""
106,22,Albert Brooks,"""500 Keys""[80]"
107,22,Ken Burns,"""The Ned-Liest Catch""[80]"
108,22,Joey Kramer[E],"""The Ned-Liest Catch""[80]"
109,22,Marcia Wallace,"""The Ned-Liest Catch"""
110,23,Tom Colicchio,"""The Falcon and the D'ohman""[81]"
111,23,Ping Marshall,"""The Falcon and the D'ohman""[81]"
112,23,Kevin Michael Richardson,"""The Falcon and the D'ohman""[80]"
113,23,Kiefer Sutherland,"""The Falcon and the D'ohman""[80]"
114,23,Marcia Wallace,"""The Falcon and the D'ohman"""
115,23,Theodore Roosevelt (archival),"""Bart Stops to Smell the Roosevelts"""
116,23,Marcia Wallace,"""Bart Stops to Smell the Roosevelts"""
117,23,Jackie Mason,"""Treehouse of Horror XXII""[82]"
118,23,Aron Ralston,"""Treehouse of Horror XXII""[83]"
119,23,Jane Lynch,"""Replaceable You""[84]"
120,23,Mario Batali,"""The Food Wife""[85]"
121,23,Anthony Bourdain,"""The Food Wife""[85]"
122,23,Tim Heidecker,"""The Food Wife""[85]"
123,23,Gordon Ramsay,"""The Food Wife""[85]"
124,23,Eric Wareheim,"""The Food Wife""[85]"
125,23,Neil Gaiman,"""The Book Job""[86]"
126,23,Andy García,"""The Book Job""[86]"
127,23,Kevin Michael Richardson,"""The Man in the Blue Flannel Pants""[87]"
128,23,John Slattery,"""The Man in the Blue Flannel Pants""[87]"
129,23,Matthew Weiner,"""The Man in the Blue Flannel Pants""[87]"
130,23,Kevin Dillon,"""The Ten-Per-Cent Solution""[88]"
131,23,Janeane Garofalo,"""The Ten-Per-Cent Solution""[88]"
132,23,Jackie Mason,"""The Ten-Per-Cent Solution""[88]"
133,23,Joan Rivers,"""The Ten-Per-Cent Solution""[88]"
134,23,Matt Groening,"""Holidays of Future Passed""[88]"
135,23,Dana Gould,"""Politically Inept, with Homer Simpson""[89]"
136,23,Ted Nugent,"""Politically Inept, with Homer Simpson""[89]"
137,23,Armie Hammer,"""The D'oh-cial Network""[90]"
138,23,David Letterman,"""The D'oh-cial Network""[91]"
139,23,Tiger Lillies,"""The D'oh-cial Network""[91]"
140,23,Jeremy Irons,"""Moe Goes from Rags to Riches""[92]"
141,23,Michael Cera,"""The Daughter Also Rises""[93]"
142,23,Jamie Hyneman,"""The Daughter Also Rises""[93]"
143,23,Adam Savage,"""The Daughter Also Rises""[93]"
144,23,Julian Assange,"""At Long Last Leave""[94]"
145,23,Kelsey Grammer,"""At Long Last Leave""[95]"
146,23,Alison Krauss and Union Station,"""At Long Last Leave""[95]"
147,23,Susie Stevens,"""At Long Last Leave"""
148,23,Jackie Mason,"""At Long Last Leave""[95]"
149,23,Robbie Conal,"""Exit Through the Kwik-E-Mart""[96]"
150,23,Ron English,"""Exit Through the Kwik-E-Mart""[96]"
151,23,Shepard Fairey,"""Exit Through the Kwik-E-Mart""[96]"
152,23,Nicholas McKaig,"""Exit Through the Kwik-E-Mart[97]"
153,23,Kenny Scharf,"""Exit Through the Kwik-E-Mart""[96]"
154,23,David Byrne,"""How I Wet Your Mother""[98]"
155,23,Glenn Close,"""How I Wet Your Mother""[98]"
156,23,Brent Spiner,"""Them, Robot""[99]"
157,23,Kevin Michael Richardson,"""Beware My Cheating Bart""[100]"
158,23,Steve Coogan,"""A Totally Fun Thing That Bart Will Never Do Again""[101]"
159,23,Renee Ridgeley,"""A Totally Fun Thing That Bart Will Never Do Again"""
160,23,Treat Williams,"""A Totally Fun Thing That Bart Will Never Do Again""[101]"
161,23,Bryan Cranston,"""The Spy Who Learned Me""[102]"
162,23,Eric Idle,"""The Spy Who Learned Me""[103]"
163,23,Marcia Wallace,"""The Spy Who Learned Me"""
164,23,Marcia Wallace,"""Ned 'n Edna's Blend"""
165,23,Lady Gaga,"""Lisa Goes Gaga""[104]"
166,23,Kevin Michael Richardson,"""Lisa Goes Gaga""[105]"
167,24,Ken Burns,"""Moonshine River""[106]"
168,24,Zooey Deschanel,"""Moonshine River""[106]"
169,24,Sarah Michelle Gellar,"""Moonshine River""[106]"
170,24,Anne Hathaway,"""Moonshine River""[106]"
171,24,Maurice LaMarche,"""Moonshine River""[106]"
172,24,Don Pardo,"""Moonshine River""[106]"
173,24,Natalie Portman,"""Moonshine River""[106]"
174,24,Kevin Michael Richardson,"""Moonshine River""[107]"
175,24,Al Roker,"""Moonshine River""[106]"
176,24,Sarah Silverman,"""Moonshine River""[106]"
177,24,Marcia Wallace,"""Moonshine River"""
178,24,Jon Lovitz,"""Treehouse of Horror XXIII""[108]"
179,24,Marcia Wallace,"""Treehouse of Horror XXIII"""
180,24,Jeff Gordon,"""Adventures in Baby-Getting""[109]"
181,24,Marvin Hamlisch,"""Gone Abie Gone""[110]"
182,24,Anika Noni Rose,"""Gone Abie Gone""[110]"
183,24,Jennifer Tilly,"""Gone Abie Gone""[110]"
184,24,Steve Carell,"""Penny-Wiseguys""[111]"
185,24,Terry W. Greene,"""Penny-Wiseguys"""
186,24,Joe Mantegna,"""Penny-Wiseguys""[111]"
187,24,Alex Trebek,"""Penny-Wiseguys""[111]"
188,24,Kelsey Grammer,"""A Tree Grows in Springfield""[112]"
189,24,Marcia Wallace,"""A Tree Grows in Springfield"""
190,24,Fred Armisen,"""The Day the Earth Stood Cool""[113]"
191,24,Carrie Brownstein,"""The Day the Earth Stood Cool""[113]"
192,24,Colin Meloy[F],"""The Day the Earth Stood Cool""[114]"
193,24,Patton Oswalt,"""The Day the Earth Stood Cool""[113]"
194,24,Marcia Wallace,"""The Day the Earth Stood Cool"""
195,24,Maurice LaMarche,"""Homer Goes to Prep School""[115]"
196,24,Tom Waits,"""Homer Goes to Prep School""[116]"
197,24,Valerie Harper,"""A Test Before Trying""[117]"
198,24,Marcia Wallace,"""A Test Before Trying"""
199,24,Danny DeVito,"""The Changing of the Guardian""[118]"
200,24,Terry W. Greene,"""The Changing of the Guardian"""
201,24,Rashida Jones,"""The Changing of the Guardian""[118]"
202,24,Robert A. Caro,"""Love is a Many-Splintered Thing""[119]"
203,24,Benedict Cumberbatch,"""Love is a Many-Splintered Thing""[119]"
204,24,Zooey Deschanel,"""Love is a Many-Splintered Thing""[119]"
205,24,Max Weinberg,"""Love is a Many-Splintered Thing""[119]"
206,24,Kevin Michael Richardson,"""Hardly Kirk-ing""[120]"
207,24,Richard Dawkins,"""Black Eyed, Please""[121]"
208,24,Tina Fey,"""Black Eyed, Please""[121]"
209,24,Marcia Wallace,"""Black Eyed, Please"""
210,24,Michael Dees,"""Dark Knight Court""[122]"
211,24,Janet Reno,"""Dark Knight Court""[122]"
212,24,Maggy Reno Hurchalla[G],"""Dark Knight Court""[122]"
213,24,Bryan Cranston,"""What Animated Women Want""[123]"
214,24,Maurice LaMarche,"""What Animated Women Want""[124]"
215,24,Aaron Paul,"""What Animated Women Want""[123]"
216,24,Wanda Sykes,"""What Animated Women Want""[125]"
217,24,George Takei,"""What Animated Women Want""[125]"
218,24,Marcia Wallace,"""What Animated Women Want"""
219,24,Edward Norton,"""Pulpit Friction""[126]"
220,24,Susie Stevens,"""Pulpit Friction"""
221,24,Tony Bennett,"""Whiskey Business"""
222,24,Kevin Michael Richardson,"""Whiskey Business""[127]"
223,24,Sonny Rollins,"""Whiskey Business""[127]"
224,24,Ron Taylor,"""Whiskey Business"""
225,24,Justin Bieber,"""The Fabulous Faker Boy""[128]"
226,24,Bill Hader,"""The Fabulous Faker Boy""[128]"
227,24,Jane Krakowski,"""The Fabulous Faker Boy""[128]"
228,24,Patrick Stewart,"""The Fabulous Faker Boy""[128]"
229,24,Sigur Rós,"""The Saga of Carl""[129]"
230,24,Lisa Lampanelli,"""Dangers on a Train""[130]"
231,24,Seth MacFarlane,"""Dangers on a Train""[130]"
232,25,Kevin Michael Richardson,"""Homerland""[131]"
233,25,Kristen Wiig,"""Homerland""[132]"
234,25,Marcia Wallace,"""Treehouse of Horror XXIV"""
235,25,Rachel Maddow,"""Four Regrettings and a Funeral""[133]"
236,25,Joe Namath,"""Four Regrettings and a Funeral""[133]"
237,25,Marcia Wallace,"""Four Regrettings and a Funeral"""
238,25,Denise Donatelli,"""YOLO"""
239,25,Jon Lovitz,"""YOLO""[134]"
240,25,Marcia Wallace,"""YOLO"""
241,25,Elisabeth Moss,"""Labor Pains""[135]"
242,25,Anderson Cooper,"""The Kid Is All Right""[136]"
243,25,Maurice LaMarche,"""The Kid Is All Right"""
244,25,Eva Longoria,"""The Kid Is All Right""[136]"
245,25,Kevin Michael Richardson,"""Yellow Subterfuge"""
246,25,Judd Apatow,"""Steal This Episode""[137]"
247,25,Will Arnett,"""Steal This Episode"""
248,25,Rob Halford,"""Steal This Episode""[137]"
249,25,Leslie Mann,"""Steal This Episode""[137]"
250,25,Kevin Michael Richardson,"""Steal This Episode"""
251,25,Seth Rogen,"""Steal This Episode""[137]"
252,25,Paul Rudd,"""Steal This Episode""[137]"
253,25,Channing Tatum,"""Steal This Episode""[137]"
254,25,Harlan Ellison,"""Married to the Blob""[138]"
255,25,Maurice LaMarche,"""Married to the Blob"""
256,25,Stan Lee,"""Married to the Blob""[138]"
257,25,Maurice LaMarche,"""Specs and the City"""
258,25,Will Lyman,"""Specs and the City""[139]"
259,25,Daniel Radcliffe,"""Diggs""[140]"
260,25,Kelsey Grammer,"""The Man Who Grew Too Much""[141]"
261,25,Marcia Wallace,"""The Man Who Grew Too Much"""
262,25,Kevin Michael Richardson,"""The Winter of His Content"""
263,25,Renee Ridgeley,"""The War of Art"""
264,25,Max von Sydow,"""The War of Art"""
265,25,Andrés Cantor,"""You Don't Have to Live Like a Referee"""
266,25,Joey Vieira,"""You Don't Have to Live Like a Referee"""
267,25,Zach Galifianakis,"""Luca$""[142]"
268,25,Amy Poehler,"""Days of Future Future"""
269,25,Tavi Gevinson,"""What to Expect When Bart's Expecting"""
270,25,Joe Mantegna,"""What to Expect When Bart's Expecting"""
271,25,Carl Kasell,"""Pay Pal"""
272,25,John Oliver,"""Pay Pal"""
273,25,Peter Sagal,"""Pay Pal"""
274,25,Glenn Close,"""The Yellow Badge of Cowardge"""
275,25,Edwin Moses,"""The Yellow Badge of Cowardge"""
276,26,Kelsey Grammer,"""Clown in the Dumps"""
277,26,Don Hertzfeldt,"""Clown in the Dumps"""
278,26,Maurice LaMarche,"""Clown in the Dumps"""
279,26,Jackie Mason,"""Clown in the Dumps"""
280,26,David Hyde Pierce,"""Clown in the Dumps"""
281,26,Jeff Ross,"""Clown in the Dumps"""
282,26,Sarah Silverman,"""Clown in the Dumps"""
283,26,Nick Offerman,"""The Wreck of the Relationship"""
284,26,Marc Wilmore,"""The Wreck of the Relationship"""
285,26,John Ratzenberger,"""Treehouse of Horror XXV"""
286,26,Jane Fonda,"""Opposites A-Frack"""
287,26,Robert Siegel,"""Opposites A-Frack"""
288,26,John DiMaggio,"""Simpsorama"""
289,26,David Herman,"""Simpsorama"""
290,26,Maurice LaMarche,"""Simpsorama"""
291,26,Phil LaMarr,"""Simpsorama"""
292,26,Katey Sagal,"""Simpsorama"""
293,26,Sally Stevens,"""Simpsorama"""
294,26,Lauren Tom,"""Simpsorama"""
295,26,Frank Welker,"""Simpsorama"""
296,26,Billy West,"""Simpsorama"""
297,26,Willem Dafoe,"""Blazed and Confused"""
298,26,Kelsey Grammer,"""Blazed and Confused"""
299,26,David Silverman,"""Blazed and Confused"""
300,26,Will Forte,"""Covercraft"""
301,26,Sammy Hagar,"""Covercraft"""
302,26,Heavy Young Heathens[H],"""Covercraft"""
303,26,Matthew Sweet,"""Covercraft"""
304,26,Gene Lockhart (archival),"""I Won't Be Home for Christmas"""
305,26,Stacy Keach,"""Bart's New Friend"""
306,26,Elon Musk,"""The Musk Who Fell To Earth"""
307,26,Kevin Michael Richardson,"""Walking Big & Tall"""
308,26,Pharrell Williams,"""Walking Big & Tall"""
309,26,Christopher Lloyd,"""My Fare Lady"""
310,26,Rich Sommer,"""My Fare Lady"""
311,26,Richard Branson,"""The Princess Guide"""
312,26,Yaya DaCosta,"""The Princess Guide"""
313,26,Jon Lovitz,"""The Princess Guide"""
314,26,Kevin Michael Richardson,"""The Princess Guide"""
315,26,Nathan Fielder,"""Sky Police"""
316,26,Cat Deeley,"""Waiting for Duffman"""
317,26,R. Lee Ermey,"""Waiting for Duffman"""
318,26,Stacy Keach,"""Waiting for Duffman"""
319,26,Glenn Close,"""Let's Go Fly a Coot"""
320,26,Carice van Houten,"""Let's Go Fly a Coot"""
321,26,Albert Brooks,"""Bull-E"""
322,26,Joe Mantegna,"""Bull-E"""
323,26,Johnny Mathis,"""Bull-E"""
324,26,Justin Roiland,"""Mathlete's Feat"""
325,27,Adam Driver,"""Every Man's Dream"""
326,27,Lena Dunham,"""Every Man's Dream"""
327,27,Laura Ingraham,"""Every Man's Dream"""
328,27,Jemima Kirke,"""Every Man's Dream"""
329,27,Zosia Mamet,"""Every Man's Dream"""
330,27,Allison Williams,"""Every Man's Dream"""
331,27,Alton Brown,"""'Cue Detective"""
332,27,Rex Harrison (archival),"""'Cue Detective"""
333,27,Bobby Moynihan,"""'Cue Detective"""
334,27,Anthony Newley (archival),"""'Cue Detective"""
335,27,Edward James Olmos,"""'Cue Detective"""
336,27,Ben Schwartz,"""'Cue Detective"""
337,27,Jon Lovitz,"""Puffless"""
338,27,Yo-Yo Ma,"""Puffless"""
339,27,Blake Anderson,"""Halloween of Horror"""
340,27,Nick Kroll,"""Halloween of Horror"""
341,27,Renee Ridgeley,"""Halloween of Horror"""
342,27,Kelsey Grammer,"""Treehouse of Horror XXVI"""
343,27,Chris Wedge,"""Treehouse of Horror XXVI"""
344,27,Kristen Bell,"""Friend With Benefit"""
345,27,David Copperfield,"""Friend With Benefit"""
346,27,Stephen Merchant,"""The Girl Code"""
347,27,Kaitlin Olson,"""The Girl Code"""
348,27,Sofía Vergara,"""Teenage Mutant Milk-Caused Hurdles"""
349,27,Utkarsh Ambudkar,"""Much Apu About Something"""
350,27,Glenn Close,"""Love Is in the N2-O2-Ar-CO2-Ne-He-CH4"""
351,27,Bob Boilen,"""Gal of Constant Sorrow"""
352,27,Kelsey Grammer,"""Gal of Constant Sorrow"""
353,27,Kate McKinnon,"""Gal of Constant Sorrow"""
354,27,Natalie Maines[I],"""Gal of Constant Sorrow"""
355,27,Michael York,"""Lisa the Veterinarian"""
356,27,Brian J. Kaufman,"""The Marge-ian Chronicles"""
357,27,Tom Scharpling,"""The Marge-ian Chronicles"""
358,27,Jon Wurster,"""The Marge-ian Chronicles"""
359,27,George Takei,"""The Burns Cage"""
360,27,Andrew Rannells,"""How Lisa Got Her Marge Back"""
361,27,Jay Leno,"""To Courier with Love"""
362,27,Kevin Michael Richardson[J],"""Orange Is the New Yellow"""
363,28,Amy Schumer,"""Monty Burns' Fleeing Circus"""
364,28,Pendleton Ward,"""Monty Burns' Fleeing Circus"""
365,28,Allison Janney,"""Friends and Family"""
366,28,Bill Burr,"""The Town"""
367,28,Michael Chiklis,"""The Town"""
368,28,Rachel Dratch,"""The Town"""
369,28,Doris Kearns Goodwin,"""The Town"""
370,28,Dana Gould,"""The Town"""
371,28,Mike Mitchell,"""The Town"""
372,28,Jason Nash,"""The Town"""
373,28,Drew Carey,"""Treehouse of Horror XXVII"""
374,28,Donald Fagen,"""Treehouse of Horror XXVII"""
375,28,Kelsey Grammer,"""Treehouse of Horror XXVII"""
376,28,Maurice LaMarche,"""Treehouse of Horror XXVII"""
377,28,Judith Owen,"""Treehouse of Horror XXVII"""
378,28,Sarah Silverman,"""Treehouse of Horror XXVII"""
379,28,Dan Rather,"""Trust But Clarify"""
380,28,Stacy Keach,"""Havana Wild Weekend"""
381,28,Deb Lacusta,"""Havana Wild Weekend"""
382,28,Matt Leinart,"""Dad Behavior"""
383,28,Wayne Gretzky,"""The Nightmare After Krustmas"""
384,28,Theo Jansen,"""The Nightmare After Krustmas"""
385,28,Natasha Lyonne,"""The Nightmare After Krustmas"""
386,28,Jackie Mason,"""The Nightmare After Krustmas"""
387,28,Joyce Carol Oates,"""Pork and Burns"""
388,28,Michael York,"""Pork and Burns"""
389,28,Charles Barkley,"""The Great Phatsby: Part One"""
390,28,Phil LaMarr,"""The Great Phatsby: Part One"""
391,28,Jim Beanz,"""The Great Phatsby: Part One""""The Great Phatsby: Part Two"""
392,28,V. Bozeman,"""The Great Phatsby: Part One""""The Great Phatsby: Part Two"""
393,28,Charlean Carmon,"""The Great Phatsby: Part One""""The Great Phatsby: Part Two"""
394,28,Keegan-Michael Key,"""The Great Phatsby: Part One""""The Great Phatsby: Part Two"""
395,28,Dawnn Lewis,"""The Great Phatsby: Part One""""The Great Phatsby: Part Two"""
396,28,Sally Stevens,"""The Great Phatsby: Part One""""The Great Phatsby: Part Two"""
397,28,Destiny Torres,"""The Great Phatsby: Part One""""The Great Phatsby: Part Two"""
398,28,Common,"""The Great Phatsby: Part Two"""
399,28,Snoop Dogg,"""The Great Phatsby: Part Two"""
400,28,Taraji P. Henson,"""The Great Phatsby: Part Two"""
401,28,RZA,"""The Great Phatsby: Part Two"""
402,28,Glenn Close,"""Fatzcarraldo"""
403,28,Magnus Carlsen,"""The Cad and the Hat"""
404,28,Seth Green,"""The Cad and the Hat"""
405,28,Patton Oswalt,"""The Cad and the Hat"""
406,28,Lizzy Caplan,"""Kamp Krustier"""
407,28,Michael Sheen,"""Kamp Krustier"""
408,28,Stephen Curry,"""22 for 30"""
409,28,Earl Mann,"""22 for 30"""
410,28,Joe Mantegna,"""22 for 30"""
411,28,Vanessa Bayer,"""A Father's Watch"""
412,28,Brian Posehn,"""A Father's Watch"""
413,28,Rob Riggle,"""A Father's Watch"""
414,28,Adam Silver,"""A Father's Watch"""
415,28,Jason Alexander,"""The Caper Chase"""
416,28,Ken Jennings,"""The Caper Chase"""
417,28,Stan Lee,"""The Caper Chase"""
418,28,Robert McKee,"""The Caper Chase"""
419,28,Suze Orman,"""The Caper Chase"""
420,28,Neil deGrasse Tyson,"""The Caper Chase"""
421,28,Valerie Harper,"""Looking for Mr. Goodbart"""
422,28,Kipp Lennon,"""Looking for Mr. Goodbart"""
423,28,Jennifer Saunders,"""Looking for Mr. Goodbart"""
424,28,Valerie Harper,"""Moho House"""
425,28,Michael York,"""Moho House"""
426,28,Michael York,"""Dogtown"""
427,29,Billy Boyd,"""The Serfsons"""
428,29,Nikolaj Coster-Waldau,"""The Serfsons"""
429,29,Alison Bechdel,"""Springfield Splendor"""
430,29,Rachel Bloom,"""Springfield Splendor"""
431,29,Roz Chast,"""Springfield Splendor"""
432,29,Dan Harmon,"""Springfield Splendor"""
433,29,Kipp Lennon,"""Springfield Splendor"""
434,29,Marjane Satrapi,"""Springfield Splendor"""
435,29,Martin Short,"""Springfield Splendor"""
436,29,Nick Fascitelli,"""Whistler's Father"""
437,29,Valerie Harper,"""Whistler's Father"""
438,29,Joe Mantegna,"""Whistler's Father"""
439,29,Mario Batali,"""Treehouse of Horror XXVIII"""
440,29,Ben Daniels,"""Treehouse of Horror XXVIII"""
441,29,William Friedkin,"""Treehouse of Horror XXVIII"""
442,29,Neil Gaiman,"""Treehouse of Horror XXVIII"""
443,29,Carolyn Omine,"""The Old Blue Mayor She Ain't What She Used to Be"""
444,29,Kat Dennings,"""Mr. Lisa's Opus"""
445,29,Valerie Harper,"""Mr. Lisa's Opus"""
446,29,Norman Lear,"""Mr. Lisa's Opus"""
447,29,Kipp Lennon,"""Mr. Lisa's Opus"""
448,29,Jon Lovitz,"""Mr. Lisa's Opus"""
449,29,Kelsey Grammer,"""Gone Boy"""
450,29,Valerie Harper,"""Gone Boy"""
451,29,John F. Kennedy (archival),"""Gone Boy"""
452,29,Shaquille O'Neal,"""Gone Boy"""
453,29,Ed Sheeran,"""Haw-Haw Land"""
454,29,Valerie Harper,"""Frink Gets Testy"""
455,29,Maurice LaMarche,"""Frink Gets Testy"""
456,29,Bill Hader,"""Homer Is Where the Art Isn't"""
457,29,Cecily Strong,"""Homer Is Where the Art Isn't"""
458,29,John Baldessari,"""3 Scenes Plus a Tag from a Marriage"""
459,29,Kevin Pollak,"""3 Scenes Plus a Tag from a Marriage"""
460,29,J. K. Simmons,"""3 Scenes Plus a Tag from a Marriage"""
461,29,Andy Daly,"""Fears of a Clown"""
462,29,Damian Kulash[K],"""Fears of a Clown"""
463,29,Dawnn Lewis,"""Fears of a Clown"""
464,29,Jon Lovitz,"""Fears of a Clown"""
465,29,Jackie Mason,"""Fears of a Clown"""
466,29,Tim Nordwind[K],"""Fears of a Clown"""
467,29,Daniel Radcliffe,"""No Good Read Goes Unpunished"""
468,29,Jimmy O. Yang,"""No Good Read Goes Unpunished"""
469,29,Ray Liotta,"""King Leer"""
470,29,Debi Mazar,"""King Leer"""
471,29,Jonathan Schmock,"""King Leer"""
472,29,Dawnn Lewis,"""Lisa Gets the Blues"""
473,29,Trombone Shorty,"""Lisa Gets the Blues"""
474,29,Glenn Close,"""Forgive and Regret"""
475,29,Caitlin Parrott,"""Forgive and Regret"""
476,29,Michael Dees,"""Left Behind"""
477,29,Marcia Wallace[L],"""Left Behind"""
478,29,Sidse Babett Knudsen,"""Throw Grampa from the Dane"""
479,29,Jackie Mason,"""Flanders' Ladder"""
480,30,Dave Attell,"""Bart's Not Dead""[143]"
481,30,Emily Deschanel,"""Bart's Not Dead""[143]"
482,30,Gal Gadot,"""Bart's Not Dead""[143]"
483,30,Jonathan Groff,"""Bart's Not Dead""[144]"
484,30,Pete Holmes,"""Bart's Not Dead""[143]"
485,30,Joe Clabby,"""Heartbreak Hotel"""
486,30,Rhys Darby,"""Heartbreak Hotel""[145]"
487,30,Renee Ridgeley,"""Heartbreak Hotel"""
488,30,George Segal,"""Heartbreak Hotel[146]"
489,30,H. Jon Benjamin,"""My Way or the Highway to Heaven"""
490,30,Jon Lovitz,"""My Way or the Highway to Heaven"""
491,30,Dan Mintz,"""My Way or the Highway to Heaven"""
492,30,Eugene Mirman,"""My Way or the Highway to Heaven"""
493,30,Ted Moock,"""My Way or the Highway to Heaven"""
494,30,Tracy Morgan,"""My Way or the Highway to Heaven""[147]"
495,30,John Roberts,"""My Way or the Highway to Heaven"""
496,30,Kristen Schaal,"""My Way or the Highway to Heaven"""
497,30,Tracy Morgan,"""Baby You Can't Drive My Car""[147]"
498,30,Jon Lovitz,"""From Russia Without Love"""
499,30,Ksenia Solo,"""From Russia Without Love"""
500,30,Raja / Sutan Amrull,"""Werking Mom""[148]"
501,30,RuPaul,"""Werking Mom""[144]"
502,30,Scott Thompson,"""Werking Mom""[144]"
503,30,Billy Eichner,"""Krusty the Clown""[144]"
504,30,Peter Serafinowicz,"""Krusty the Clown""[149]"
505,30,Phillip Alford (archival),"""Daddicus Finch"""
506,30,Mary Badham (archival),"""Daddicus Finch""[145]"
507,30,Jon Lovitz,"""Daddicus Finch""[150]"
508,30,John Megna (archival),"""Daddicus Finch"""
509,30,Gregory Peck (archival),"""Daddicus Finch""[145]"
510,30,J. K. Simmons,"""Daddicus Finch""[143][151]"
511,30,Jane Lynch,"""'Tis the 30th Season""[144]"
512,30,Bryan Batt,"""Mad About the Toy""[152]"
513,30,Bill de Blasio,"""Mad About the Toy""[153]"
514,30,Lawrence O'Donnell,"""Mad About the Toy""[144]"
515,30,Terry Gross,"""The Girl on the Bus""[154]"
516,30,Patti LuPone,"""The Girl on the Bus""[143][144]"
517,30,Ted Sarandos,"""I'm Dancing as Fat as I Can""[143][144]"
518,30,Marc Maron,"""The Clown Stays in the Picture""[144]"
519,30,Guillermo del Toro,"""101 Mitigations""[155]"
520,30,Wallace Shawn,"""I Want You (She's So Heavy)""[144][156]"
521,30,Ken Jeong,"""E My Sports""[157]"
522,30,Natasha Lyonne,"""E My Sports""[158]"
523,30,David Turley,"""E My Sports"""
524,30,Awkwafina,"""Bart vs. Itchy & Scratchy""[159][160]"
525,30,Nicole Byer,"""Bart vs. Itchy & Scratchy""[159][160]"
526,30,Chelsea Peretti,"""Bart vs. Itchy & Scratchy""[161]"
527,30,Dave Matthews,"""Girl's in the Band""[159][162]"
528,30,J. K. Simmons,"""Girl's in the Band""[159][162]"
529,30,Josh Groban,"""I'm Just a Girl Who Can't Say D'oh""[163]"
530,30,John Lithgow,"""I'm Just a Girl Who Can't Say D'oh""[159][164]"
531,30,Jon Lovitz,"""I'm Just a Girl Who Can't Say D'oh""[165][166]"
532,30,Okilly Dokilly[M],"""I'm Just a Girl Who Can't Say D'oh"""
533,30,Awkwafina,"""D'oh Canada""[167]"
534,30,Judy Blume,"""D'oh Canada""[168][169]"
535,30,Lucas Meyer,"""D'oh Canada""[169]"
536,30,Ken Burns,"""Woo-Hoo Dunnit?""[159][170]"
537,30,Will Forte,"""Woo-Hoo Dunnit?""[159][170]"
538,30,Jackie Mason,"""Woo-Hoo Dunnit?"""
539,30,Liev Schreiber,"""Woo-Hoo Dunnit?""[171]"
540,30,Illeana Douglas,"""Crystal Blue-Haired Persuasion""[172]"
541,30,Werner Herzog,"""Crystal Blue-Haired Persuasion""[172]"
542,30,Jenny Slate,"""Crystal Blue-Haired Persuasion""[172]"
543,31,John Mulaney,"""The Winter of Our Monetized Content""[173][174]"
544,31,Joe Mantegna,"""Go Big or Go Homer""[175]"
545,31,Michael Rapaport,"""Go Big or Go Homer""[176][177]"
546,31,Dawnn Lewis,"""The Fat Blue Line""[178]"
547,31,Joe Mantegna,"""The Fat Blue Line""[178][179]"
548,31,Jason Momoa,"""The Fat Blue Line""[180][181]"
549,31,Bob Odenkirk,"""The Fat Blue Line""[182]"
550,31,Jane Goodall,"""Gorillas on the Mast""[181][183]"
551,31,Dawnn Lewis,"""Gorillas on the Mast"""
552,31,Asia Kate Dillon,"""Marge the Lumberjill""[184][185]"
553,31,Natasha Lyonne,"""Marge the Lumberjill"""
554,31,Jill Sobule,"""Marge the Lumberjill"""
555,31,Fortune Feimster,"""Livin La Pura Vida""[184][186]"
556,31,Charlie Brooker,"""Thanksgiving of Horror""[187]"
557,31,Glenn Close,"""Todd, Todd, Why Hast Thou Forsaken Me?""[188]"
558,31,Marcia Wallace[N],"""Todd, Todd, Why Hast Thou Forsaken Me?"""
559,31,Scott Bakula,"""Bobby, It's Cold Outside""[184][189]"
560,31,Steve Ballmer,"""Bobby, It's Cold Outside""[189]"
561,31,Kelsey Grammer,"""Bobby, It's Cold Outside""[189][190]"
562,31,Donna Reed (archival),"""Bobby, It's Cold Outside"""
563,31,James Stewart (archival),"""Bobby, It's Cold Outside"""
564,31,Jon Lovitz,"""Hail to the Teeth""[191][192]"
565,31,John Legend,"""The Miseducation of Lisa Simpson""[193][194]"
566,31,Chrissy Teigen,"""The Miseducation of Lisa Simpson""[193][194]"
567,31,Zach Woods,"""The Miseducation of Lisa Simpson""[195][196]"
568,31,Beanie Feldstein,"""Frinkcoin"""
569,31,"Ed ""Too Tall"" Jones","""Frinkcoin""[197]"
570,31,Jim Parsons,"""Frinkcoin""[184][197]"
571,31,Kevin Feige,"""Bart the Bad Guy""[198]"
572,31,Tal Fishman,"""Bart the Bad Guy""[199]"
573,31,Taran Killam,"""Bart the Bad Guy""[200]"
574,31,Joe Mantegna,"""Bart the Bad Guy""[201]"
575,31,Anthony Russo,"""Bart the Bad Guy""[184][187]"
576,31,Joe Russo,"""Bart the Bad Guy""[184][187]"
577,31,Cobie Smulders,"""Bart the Bad Guy""[200]"
578,31,Dana Gould,"""Screenless"""
579,31,Werner Herzog,"""Screenless""[202]"
580,31,Dawnn Lewis,"""Screenless"""
581,31,Dr. Drew Pinsky,"""Screenless""[203]"
582,31,Dawnn Lewis,"""Highway to Well"""
583,31,Chelsea Peretti,"""Highway to Well""[204]"
584,31,Billy Porter,"""Highway to Well""[204]"
585,31,Kevin Smith,"""Highway to Well""[204][205]"
586,31,Pete Holmes,"""Warrin' Priests""[206][207]"
587,31,Pete Holmes,"""Warrin' Priests: Part Two""[208]"
588,31,Joe Mantegna,"""Warrin' Priests: Part Two"""
589,31,David Silverman,"""Warrin' Priests: Part Two"""
590,31,Joey King,"""The Hateful Eight-Year-Olds""[209]"
591,31,Camila Mendes,"""The Hateful Eight-Year-Olds""[209]"
592,31,Madelaine Petsch,"""The Hateful Eight-Year-Olds""[209]"
593,31,Lili Reinhart,"""The Hateful Eight-Year-Olds""[209]"
594,31,Lilly Singh,"""The Hateful Eight-Year-Olds""[209]"
595,31,Weezer[O],"""The Hateful Eight-Year-Olds""[209][210]"
596,31,Cate Blanchett,"""The Way of the Dog""[211]"
597,31,Suzanne Waters,"""The Way of the Dog"""
598,31,Michael York,"""The Way of the Dog"""
599,32,David Harbour,"""Undercover Burns""[211]"
600,32,Phil Rosenthal,"""Undercover Burns""[212]"
601,32,Joe Mantegna,"""I, Carumbus""[213]"
602,32,Michael Palin,"""I, Carumbus""[214][215]"
603,32,Ben Mankiewicz,"""Treehouse of Horror XXXI""[216]"
604,32,Olivia Colman,"""The 7 Beer Itch""[217][218]"
605,32,Robin Atkin Downes,"""The 7 Beer Itch""[219]"
606,32,Brian George,"""The 7 Beer Itch""[219]"
607,32,Morgan Fairchild,"""Podcast News""[220]"
608,32,Christine Nangle,"""Podcast News""[220]"
609,32,Stellan Skarsgård,"""Podcast News""[220]"
610,32,Dawnn Lewis,"""Three Dreams Denied"""
611,32,Ben Platt,"""Three Dreams Denied""[214][221]"
612,32,Paul Rudd,"""Three Dreams Denied""[221]"
613,32,Jason Bateman,"""The Road to Cincinnati"""
614,32,Hannibal Buress,"""The Road to Cincinnati""[214][222]"
0,1,Marcia Wallace,"""Bart the Genius"""
1,1,Sam McMurray,"""Homer's Odyssey""[35]"
2,1,Marcia Wallace,"""Homer's Odyssey"""
3,1,Miriam Flynn,"""Moaning Lisa"""
4,1,Ron Taylor,"""Moaning Lisa""[36]"
5,1,Albert Brooks[B],"""The Call of the Simpsons""[37]"
6,1,Marcia Wallace,"""The Telltale Head"""
7,1,Albert Brooks,"""Life on the Fast Lane""[38]"
8,1,Sam McMurray,"""Homer's Night Out""[39]"
9,1,Christian Coffinet,"""The Crepes of Wrath"""
10,1,Kelsey Grammer,"""Krusty Gets Busted""[40]"
11,1,June Foray,"""Some Enchanted Evening""[41]"
12,1,Penny Marshall,"""Some Enchanted Evening""[42]"
13,1,Paul Willson,"""Some Enchanted Evening""[41]"
14,2,Marcia Wallace,"""Bart Gets an ""F"""""
15,2,Harvey Fierstein,"""Simpson and Delilah""[43]"
16,2,James Earl Jones,"""Treehouse of Horror""[44]"
17,2,Tony Bennett,"""Dancin' Homer""[45]"
18,2,Daryl Coley,"""Dancin' Homer""[46]"
19,2,Ken Levine,"""Dancin' Homer""[46]"
20,2,Tom Poston,"""Dancin' Homer""[45]"
21,2,Greg Berg,"""Bart vs. Thanksgiving""[47]"
22,2,Carol Kane,"""Bart vs. Thanksgiving""[48]"
23,2,Alex Rocco,"""Itchy & Scratchy & Marge""[49]"
24,2,Phil Hartman,"""Bart Gets Hit by a Car""[50]"
25,2,Larry King,"""One Fish, Two Fish, Blowfish, Blue Fish""[51]"
26,2,Joey Miyashima,"""One Fish, Two Fish, Blowfish, Blue Fish""[52]"
27,2,Sab Shimono,"""One Fish, Two Fish, Blowfish, Blue Fish""[51]"
28,2,George Takei,"""One Fish, Two Fish, Blowfish, Blue Fish""[51]"
29,2,Diana Tanaka,"""One Fish, Two Fish, Blowfish, Blue Fish""[52]"
30,2,Jon Lovitz,"""The Way We Was""[53]"
31,2,Phil Hartman,"""Homer vs. Lisa and the 8th Commandment""[54][55]"
32,2,Marcia Wallace,"""Principal Charming"""
33,2,Danny DeVito,"""Oh Brother, Where Art Thou?""[56]"
34,2,Tracey Ullman,"""Bart's Dog Gets an F""[57]"
35,2,Frank Welker,"""Bart's Dog Gets an F""[58]"
36,2,Phil Hartman,"""Old Money""[59]"
37,2,Audrey Meadows,"""Old Money""[59]"
38,2,Marcia Wallace,"""Old Money"""
39,2,Jon Lovitz,"""Brush with Greatness""[60]"
40,2,Ringo Starr,"""Brush with Greatness""[60]"
41,2,Dustin Hoffman[C],"""Lisa's Substitute""[61]"
42,2,Marcia Wallace,"""Lisa's Substitute"""
43,2,Cloris Leachman,"""Three Men and a Comic Book""[62]"
44,2,Daniel Stern,"""Three Men and a Comic Book""[62]"
45,3,Michael Jackson[D],"""Stark Raving Dad""[63][64]"
46,3,Kipp Lennon,"""Stark Raving Dad""[22]"
47,3,Lona Williams,"""Mr. Lisa Goes to Washington""[65]"
48,3,Neil Patrick Harris,"""Bart the Murderer""[66]"
49,3,Phil Hartman,"""Bart the Murderer""[67]"
50,3,Joe Mantegna,"""Bart the Murderer""[66]"
51,3,Marcia Wallace,"""Bart the Murderer""[66]"
52,3,Chick Hearn,"""Homer Defined""[68]"
53,3,Magic Johnson,"""Homer Defined""[68]"
54,3,Jon Lovitz,"""Homer Defined""[68]"
55,3,Jackie Mason,"""Like Father, Like Clown""[69]"
56,3,Marcia Wallace,"""Treehouse of Horror II"""
57,3,Marcia Wallace,"""Lisa's Pony"""
58,3,Frank Welker,"""Lisa's Pony""[70]"
59,3,Phil Hartman,"""Saturdays of Thunder""[71]"
60,3,Larry McKay,"""Saturdays of Thunder""[72]"
61,3,Aerosmith[E],"""Flaming Moe's""[73]"
62,3,Phil Hartman,"""Flaming Moe's""[74]"
63,3,Kipp Lennon,"""Flaming Moe's"""
64,3,Marcia Wallace,"""Flaming Moe's"""
65,3,Phil Hartman,"""Burns Verkaufen der Kraftwerk""[75]"
66,3,Sting,"""Radio Bart""[76]"
67,3,Marcia Wallace,"""Radio Bart"""
68,3,Phil Hartman,"""Lisa the Greek""[77]"
69,3,Phil Hartman,"""Homer Alone""[78]"
70,3,Marcia Wallace,"""Bart the Lover"""
71,3,Wade Boggs,"""Homer at the Bat""[79]"
72,3,Jose Canseco,"""Homer at the Bat""[79]"
73,3,Roger Clemens,"""Homer at the Bat""[79]"
74,3,Terry Cashman,"""Homer at the Bat""[79]"
75,3,"Ken Griffey, Jr.","""Homer at the Bat""[79]"
76,3,Don Mattingly,"""Homer at the Bat""[79]"
77,3,Steve Sax,"""Homer at the Bat""[79]"
78,3,Mike Scioscia,"""Homer at the Bat""[79]"
79,3,Ozzie Smith,"""Homer at the Bat""[79]"
80,3,Darryl Strawberry,"""Homer at the Bat""[79]"
81,3,Steve Allen,"""Separate Vocations""[80]"
82,3,Marcia Wallace,"""Separate Vocations"""
83,3,Frank Welker,"""Dog of Death""[81]"
84,3,Beverly D'Angelo,"""Colonel Homer""[82]"
85,3,Kelsey Grammer,"""Black Widower""[83]"
86,3,Christopher Guest,"""The Otto Show""[84]"
87,3,Michael McKean,"""The Otto Show""[84]"
88,3,Phil Hartman,"""Bart's Friend Falls in Love""[85]"
89,3,Kimmy Robertson,"""Bart's Friend Falls in Love""[86]"
90,3,Marcia Wallace,"""Bart's Friend Falls in Love"""
91,3,Danny DeVito,"""Brother, Can You Spare Two Dimes?""[87]"
92,3,Joe Frazier,"""Brother, Can You Spare Two Dimes?""[87]"
93,4,Gene Merlino,"""Kamp Krusty"""
94,4,Marcia Wallace,"""Kamp Krusty"""
95,4,Phil Hartman,"""A Streetcar Named Marge""[88]"
96,4,Jon Lovitz,"""A Streetcar Named Marge""[89]"
97,4,Lona Williams,"""A Streetcar Named Marge""[89]"
98,4,Bob Hope,"""Lisa the Beauty Queen""[90]"
99,4,Lona Williams,"""Lisa the Beauty Queen""[90]"
100,4,Marcia Wallace,"""Treehouse of Horror III"""
101,4,Neil Armstrong (archival),"""Itchy & Scratchy: The Movie"""
102,4,Marcia Wallace,"""Itchy & Scratchy: The Movie"""
103,4,Phil Hartman,"""Marge Gets a Job""[91]"
104,4,Tom Jones,"""Marge Gets a Job""[92]"
105,4,Marcia Wallace,"""Marge Gets a Job"""
106,4,Sara Gilbert,"""New Kid on the Block""[93]"
107,4,Phil Hartman,"""New Kid on the Block""[94]"
108,4,Pamela Reed,"""New Kid on the Block""[93]"
109,4,Phil Hartman,"""Mr. Plow""[95]"
110,4,Linda Ronstadt,"""Mr. Plow""[96]"
111,4,Adam West,"""Mr. Plow""[96]"
112,4,Elizabeth Taylor,"""Lisa's First Word""[97]"
113,4,Phil Hartman,"""Marge vs. the Monorail""[98]"
114,4,Leonard Nimoy,"""Marge vs. the Monorail""[98]"
115,4,Phil Hartman,"""Selma's Choice""[99]"
116,4,Michele Pillar,"""Selma's Choice"""
117,4,Phil Hartman,"""Brother from the Same Planet""[100]"
118,4,Marcia Wallace,"""Brother from the Same Planet"""
119,4,Michael Carrington,"""I Love Lisa""[70]"
120,4,Phil Hartman,"""Duffless""[101]"
121,4,Kipp Lennon,"""Duffless""[101]"
122,4,Marcia Wallace,"""Duffless""[101]"
123,4,Joyce Brothers,"""Last Exit to Springfield""[102]"
124,4,Brooke Shields,"""The Front""[103]"
125,4,Gene Merlino,"""Whacking Day""[104]"
126,4,Barry White,"""Whacking Day""[104]"
127,4,David Crosby,"""Marge in Chains""[105]"
128,4,Phil Hartman,"""Marge in Chains""[106]"
129,4,Johnny Carson,"""Krusty Gets Kancelled""[107]"
130,4,Hugh Hefner,"""Krusty Gets Kancelled""[107]"
131,4,Bette Midler,"""Krusty Gets Kancelled""[107]"
132,4,Luke Perry,"""Krusty Gets Kancelled""[107]"
133,4,Red Hot Chili Peppers[F],"""Krusty Gets Kancelled""[107]"
134,4,Elizabeth Taylor,"""Krusty Gets Kancelled""[107]"
135,4,Marcia Wallace,"""Krusty Gets Kancelled""[107]"
136,4,Barry White,"""Krusty Gets Kancelled""[107]"
137,5,David Crosby,"""Homer's Barbershop Quartet""[108]"
138,5,The Dapper Dans[G],"""Homer's Barbershop Quartet""[108]"
139,5,George Harrison,"""Homer's Barbershop Quartet""[108]"
140,5,Kelsey Grammer,"""Cape Feare""[109]"
141,5,Marcia Wallace,"""Cape Feare"""
142,5,Ramones[H],"""Rosebud""[110]"
143,5,Phil Hartman,"""Treehouse of Horror IV""[111]"
144,5,Frank Welker,"""Treehouse of Horror IV""[111]"
145,5,George Fenneman,"""Marge on the Lam""[112]"
146,5,Phil Hartman,"""Marge on the Lam""[113]"
147,5,Pamela Reed,"""Marge on the Lam""[112]"
148,5,Albert Brooks,"""Bart's Inner Child""[114]"
149,5,James Brown,"""Bart's Inner Child""[114]"
150,5,Phil Hartman,"""Bart's Inner Child""[115]"
151,5,Marcia Wallace,"""Bart's Inner Child"""
152,5,Ernest Borgnine,"""Boy-Scoutz 'n the Hood""[116]"
153,5,Marcia Wallace,"""Boy-Scoutz 'n the Hood"""
154,5,Phil Hartman,"""The Last Temptation of Homer""[117]"
155,5,Werner Klemperer,"""The Last Temptation of Homer""[118]"
156,5,Michelle Pfeiffer,"""The Last Temptation of Homer""[118]"
157,5,Marcia Wallace,"""The Last Temptation of Homer""[118]"
158,5,Gerry Cooney,"""$pringfield (Or, How I Learned toStop Worrying and Love Legalized Gambling)""[119]"
159,5,Robert Goulet,"""$pringfield (Or, How I Learned toStop Worrying and Love Legalized Gambling)""[119]"
160,5,Sam Neill,"""Homer the Vigilante""[120]"
161,5,Conan O'Brien,"""Bart Gets Famous""[121]"
162,5,Marcia Wallace,"""Bart Gets Famous"""
163,5,Michael Carrington,"""Homer and Apu""[70]"
164,5,James Woods,"""Homer and Apu""[122]"
165,5,Kathleen Turner,"""Lisa vs. Malibu Stacy""[123]"
166,5,Buzz Aldrin,"""Deep Space Homer""[124]"
167,5,James Taylor,"""Deep Space Homer""[124]"
168,5,Phil Hartman,"""Burns' Heir""[125]"
169,5,Marcia Wallace,"""Sweet Seymour Skinner's Baadasssss Song"""
170,5,Frank Welker,"""Sweet Seymour Skinner's Baadasssss Song""[70]"
171,5,Phil Hartman,"""The Boy Who Knew Too Much""[126]"
172,5,Marcia Wallace,"""The Boy Who Knew Too Much"""
173,5,Phil Hartman,"""Lady Bouvier's Lover""[127]"
174,5,Kipp Lennon,"""Lady Bouvier's Lover""[127]"
175,5,Phil Hartman,"""Secrets of a Successful Marriage""[128]"
176,5,Marcia Wallace,"""Secrets of a Successful Marriage"""
177,6,Winona Ryder,"""Lisa's Rival""[129]"
178,6,Henry Corden,"""Sideshow Bob Roberts""[130]"
179,6,Dr. Demento,"""Sideshow Bob Roberts""[131]"
180,6,Kelsey Grammer,"""Sideshow Bob Roberts""[131]"
181,6,Phil Hartman,"""Sideshow Bob Roberts""[130]"
182,6,Larry King,"""Sideshow Bob Roberts""[131]"
183,6,Marcia Wallace,"""Sideshow Bob Roberts""[131]"
184,6,James Earl Jones,"""Treehouse of Horror V""[132]"
185,6,Marcia Wallace,"""Treehouse of Horror V"""
186,6,Meryl Streep,"""Bart's Girlfriend""[133]"
187,6,Marcia Wallace,"""Lisa on Ice"""
188,6,Dennis Franz,"""Homer Badman""[134]"
189,6,Phil Hartman,"""Grampa vs. Sexual Inadequacy""[135]"
190,6,Anne Bancroft,"""Fear of Flying""[136]"
191,6,Ted Danson,"""Fear of Flying""[136]"
192,6,Woody Harrelson,"""Fear of Flying""[136]"
193,6,John Ratzenberger,"""Fear of Flying""[136]"
194,6,Rhea Perlman,"""Fear of Flying""[136]"
195,6,George Wendt,"""Fear of Flying""[136]"
196,6,Patrick Stewart,"""Homer the Great""[137]"
197,6,Dick Cavett,"""Homie the Clown""[138]"
198,6,Joe Mantegna,"""Homie the Clown""[138]"
199,6,Johnny Unitas,"""Homie the Clown""[138]"
200,6,Phil Hartman,"""Bart vs. Australia""[139]"
201,6,Mel Brooks,"""Homer vs. Patty and Selma""[140]"
202,6,Susan Sarandon,"""Homer vs. Patty and Selma""[140]"
203,6,Phil Hartman,"""A Star Is Burns""[141]"
204,6,Maurice LaMarche,"""A Star Is Burns""[141]"
205,6,Jon Lovitz,"""A Star Is Burns""[141]"
206,6,Phil Hartman,"""Lisa's Wedding""[142]"
207,6,Mandy Patinkin,"""Lisa's Wedding""[143]"
208,6,Frank Welker,"""Two Dozen and One Greyhounds""[70]"
209,6,Marcia Wallace,"""The PTA Disbands"""
210,6,Steve Allen,"""'Round Springfield""[144]"
211,6,Phil Hartman,"""'Round Springfield""[145]"
212,6,Ron Taylor,"""'Round Springfield""[144]"
213,6,Marcia Wallace,"""'Round Springfield""[144]"
214,6,Phil Hartman,"""The Springfield Connection""[146]"
215,6,Marcia Wallace,"""The Springfield Connection"""
216,6,Marcia Wallace,"""Lemon of Troy"""
217,6,Tito Puente,"""Who Shot Mr. Burns? Part 1""[147]"
218,7,Tito Puente,"""Who Shot Mr. Burns? Part 2""[148]"
219,7,Phil Hartman,"""Radioactive Man""[149]"
220,7,Mickey Rooney,"""Radioactive Man""[150]"
221,7,Joan Kenley,"""Home Sweet Homediddly-Dum-Doodily""[151]"
222,7,Marcia Wallace,"""Home Sweet Homediddly-Dum-Doodily"""
223,7,Frank Welker,"""Home Sweet Homediddly-Dum-Doodily""[70]"
224,7,Phil Hartman,"""Lisa the Vegetarian""[152]"
225,7,Linda McCartney,"""Lisa the Vegetarian""[153]"
226,7,Paul McCartney,"""Lisa the Vegetarian""[153]"
227,7,Paul Anka,"""Treehouse of Horror VI""[154]"
228,7,Marcia Wallace,"""Treehouse of Horror VI"""
229,7,Joan Kenley,"""King-Size Homer""[155]"
230,7,Glenn Close,"""Mother Simpson""[156]"
231,7,Harry Morgan,"""Mother Simpson""[156]"
232,7,R. Lee Ermey,"""Sideshow Bob's Last Gleaming""[157]"
233,7,Kelsey Grammer,"""Sideshow Bob's Last Gleaming""[157]"
234,7,Phil Hartman,"""The Simpsons 138th Episode Spectacular""[158][159]"
235,7,Phil Hartman,"""Marge Be Not Proud""[160]"
236,7,Lawrence Tierney,"""Marge Be Not Proud""[161]"
237,7,Marcia Wallace,"""Team Homer"""
238,7,Tom Kite,"""Scenes from the Class Struggle in Springfield""[162]"
239,7,Phil Hartman,"""Bart the Fink""[163]"
240,7,Bob Newhart,"""Bart the Fink""[164]"
241,7,Phil Hartman,"""Lisa the Iconoclast""[165]"
242,7,Donald Sutherland,"""Lisa the Iconoclast""[166]"
243,7,Marcia Wallace,"""Lisa the Iconoclast"""
244,7,Kirk Douglas,"""The Day the Violence Died""[167]"
245,7,Phil Hartman,"""The Day the Violence Died""[168]"
246,7,Alex Rocco,"""The Day the Violence Died""[167]"
247,7,Jack Sheldon,"""The Day the Violence Died""[167]"
248,7,Suzanne Somers,"""The Day the Violence Died""[167]"
249,7,Jeff Goldblum,"""A Fish Called Selma""[169]"
250,7,Phil Hartman,"""A Fish Called Selma""[169]"
251,7,Jim Lau,"""Bart on the Road""[170]"
252,7,Phil Hartman,"""22 Short Films About Springfield""[171]"
253,7,Marcia Wallace,"""Raging Abe Simpson and His Grumbling Grandson in ""The Curse of the Flying Hellfish"""""
254,7,Joe Mantegna,"""Much Apu About Nothing""[172]"
255,7,Cypress Hill[I],"""Homerpalooza""[173]"
256,7,Peter Frampton,"""Homerpalooza""[173]"
257,7,The Smashing Pumpkins[J],"""Homerpalooza""[173]"
258,7,Sonic Youth[K],"""Homerpalooza""[173]"
259,7,Christina Ricci,"""Summer of 4 Ft. 2""[174]"
260,7,Marcia Wallace,"""Summer of 4 Ft. 2"""
261,8,Phil Hartman,"""Treehouse of Horror VII""[175]"
262,8,Albert Brooks,"""You Only Move Twice""[176]"
263,8,Sally Stevens,"""You Only Move Twice""[70]"
264,8,Michael Buffer,"""The Homer They Fall""[177]"
265,8,Sally Stevens,"""The Homer They Fall""[70]"
266,8,Paul Winfield,"""The Homer They Fall""[177]"
267,8,Rodney Dangerfield,"""Burns, Baby Burns""[178]"
268,8,Jon Lovitz,"""Hurricane Neddy""[179]"
269,8,Johnny Cash,"""El Viaje Misterioso de Nuestro Jomer(The Mysterious Voyage of Homer)""[180]"
270,8,Gillian Anderson,"""The Springfield Files""[181]"
271,8,David Duchovny,"""The Springfield Files""[181]"
272,8,Leonard Nimoy,"""The Springfield Files""[181]"
273,8,Joe Mantegna,"""The Twisted World of Marge Simpson""[182]"
274,8,Jack Lemmon,"""The Twisted World of Marge Simpson""[182]"
275,8,Marcia Wallace,"""The Twisted World of Marge Simpson""[182]"
276,8,Phil Hartman,"""The Itchy & Scratchy & Poochie Show""[183]"
277,8,Alex Rocco,"""The Itchy & Scratchy & Poochie Show""[184]"
278,8,John Waters,"""Homer's Phobia""[185]"
279,8,Kelsey Grammer,"""Brother from Another Series""[186]"
280,8,David Hyde Pierce,"""Brother from Another Series""[187]"
281,8,Marcia Wallace,"""Brother from Another Series"""
282,8,Joe Mantegna,"""Homer vs. the Eighteenth Amendment""[188]"
283,8,Dave Thomas,"""Homer vs. the Eighteenth Amendment""[188]"
284,8,Michael Dees,"""Grade School Confidential"""
285,8,Marcia Wallace,"""Grade School Confidential"""
286,8,Frank Welker,"""The Canine Mutiny""[70]"
287,8,Bret Hart,"""The Old Man and the Lisa""[189]"
288,8,Denice Kumagai,"""In Marge We Trust""[190]"
289,8,Karen Maruyama,"""In Marge We Trust""[190]"
290,8,Sab Shimono,"""In Marge We Trust""[191]"
291,8,Gedde Watanabe,"""In Marge We Trust""[190]"
292,8,Frank Welker,"""In Marge We Trust""[70]"
293,8,Frank Welker,"""Homer's Enemy""[70]"
294,8,Tim Conway,"""The Simpsons Spin-Off Showcase""[192]"
295,8,Phil Hartman,"""The Simpsons Spin-Off Showcase""[193]"
296,8,Gailard Sartain,"""The Simpsons Spin-Off Showcase""[192]"
297,8,Willem Dafoe,"""The Secret War of Lisa Simpson""[194]"
298,8,Marcia Wallace,"""The Secret War of Lisa Simpson"""
299,9,Michael Dees,"""The City of New York vs. Homer Simpson""[195]"
300,9,Joan Kenley,"""The City of New York vs. Homer Simpson""[195]"
301,9,Kipp Lennon,"""The City of New York vs. Homer Simpson"""
302,9,Martin Sheen,"""The Principal and the Pauper""[196]"
303,9,Marcia Wallace,"""The Principal and the Pauper"""
304,9,Fyvush Finkel,"""Lisa's Sax""[197]"
305,9,Marcia Wallace,"""Treehouse of Horror VIII"""
306,9,Roy Firestone,"""Bart Star""[198]"
307,9,Mike Judge,"""Bart Star""[198]"
308,9,Joe Namath,"""Bart Star""[198]"
309,9,Jan Hooks,"""The Two Mrs. Nahasapeemapetilons""[199]"
310,9,Andrea Martin,"""The Two Mrs. Nahasapeemapetilons""[199]"
311,9,Marcia Wallace,"""The Two Mrs. Nahasapeemapetilons"""
312,9,Stephen Jay Gould,"""Lisa the Skeptic""[200]"
313,9,Phil Hartman,"""Lisa the Skeptic""[201]"
314,9,Marcia Wallace,"""Lisa the Skeptic"""
315,9,Phil Hartman,"""Realty Bites""[202]"
316,9,Alex Trebek,"""Miracle on Evergreen Terrace""[203]"
317,9,Marcia Wallace,"""Miracle on Evergreen Terrace"""
318,9,Jim Varney,"""Bart Carny""[204]"
319,9,Marcia Wallace,"""The Joy of Sect"""
320,9,Phil Hartman,"""Das Bus""[205]"
321,9,James Earl Jones,"""Das Bus""[206]"
322,9,Jack Ong,"""Das Bus""[205]"
323,9,Bruce Baum,"""The Last Temptation of Krust""[207]"
324,9,Janeane Garofalo,"""The Last Temptation of Krust""[207]"
325,9,Bobcat Goldthwait,"""The Last Temptation of Krust""[207]"
326,9,Jay Leno,"""The Last Temptation of Krust""[207]"
327,9,Marcia Wallace,"""The Last Temptation of Krust""[207]"
328,9,"Hank Williams, Jr.","""The Last Temptation of Krust""[207]"
329,9,Steven Wright,"""The Last Temptation of Krust""[207]"
330,9,Helen Hunt,"""Dumbbell Indemnity""[208]"
331,9,Marcia Wallace,"""Dumbbell Indemnity"""
332,9,Phil Hartman,"""Lisa the Simpson""[209]"
333,9,Phil Hartman,"""This Little Wiggy""[210]"
334,9,Marcia Wallace,"""This Little Wiggy"""
335,9,Michael Carrington,"""Simpson Tide""[70]"
336,9,Bob Denver,"""Simpson Tide""[211]"
337,9,Rod Steiger,"""Simpson Tide""[211]"
338,9,Marcia Wallace,"""The Trouble with Trillions"""
339,9,Paul Winfield,"""The Trouble with Trillions""[212]"
340,9,Marcia Wallace,"""Girly Edition"""
341,9,Steve Martin,"""Trash of the Titans""[213]"
342,9,Paul McGuinness,"""Trash of the Titans""[214]"
343,9,Susie Smith,"""Trash of the Titans""[214]"
344,9,U2[L],"""Trash of the Titans""[213]"
345,9,Marcia Wallace,"""Trash of the Titans"""
346,9,Brendan Fraser,"""King of the Hill""[215]"
347,9,Steven Weber,"""King of the Hill""[215]"
348,9,Marcia Wallace,"""Lost Our Lisa"""
349,9,Marcia Wallace,"""Natural Born Kissers"""
350,10,Lisa Kudrow,"""Lard of the Dance""[216]"
351,10,William Daniels,"""The Wizard of Evergreen Terrace""[217]"
352,10,Phil Hartman,"""Bart the Mother""[218]"
353,10,Marcia Wallace,"""Bart the Mother"""
354,10,Robert Englund,"""Treehouse of Horror IX""[219]"
355,10,Kathie Lee Gifford,"""Treehouse of Horror IX""[219]"
356,10,Ed McMahon,"""Treehouse of Horror IX""[219]"
357,10,Regis Philbin,"""Treehouse of Horror IX""[219]"
358,10,Jerry Springer,"""Treehouse of Horror IX""[219]"
359,10,Alec Baldwin,"""When You Dish Upon a Star""[220]"
360,10,Kim Basinger,"""When You Dish Upon a Star""[220]"
361,10,Brian Grazer,"""When You Dish Upon a Star""[220]"
362,10,Ron Howard,"""When You Dish Upon a Star""[220]"
363,10,George Carlin,"""D'oh-in' in the Wind""[221]"
364,10,Martin Mull,"""D'oh-in' in the Wind""[221]"
365,10,Yo La Tengo,"""D'oh-in' in the Wind""[221]"
366,10,Marcia Wallace,"""Lisa Gets an ""A"""""
367,10,Mark Hamill,"""Mayored to the Mob""[222][223]"
368,10,Joe Mantegna,"""Mayored to the Mob""[223]"
369,10,Dick Tufeld,"""Mayored to the Mob""[223]"
370,10,Marcia Wallace,"""Mayored to the Mob"""
371,10,The Moody Blues[M],"""Viva Ned Flanders""[224]"
372,10,Marcia Wallace,"""Viva Ned Flanders"""
373,10,Cyndi Lauper,"""Wild Barts Can't Be Broken""[225]"
374,10,Franklin D. Roosevelt (archival),"""Wild Barts Can't Be Broken"""
375,10,Marcia Wallace,"""Wild Barts Can't Be Broken"""
376,10,Troy Aikman,"""Sunday, Cruddy Sunday""[226]"
377,10,Rosey Grier,"""Sunday, Cruddy Sunday""[226]"
378,10,John Madden,"""Sunday, Cruddy Sunday""[226]"
379,10,Dan Marino,"""Sunday, Cruddy Sunday""[226]"
380,10,Rupert Murdoch,"""Sunday, Cruddy Sunday""[226][227]"
381,10,Dolly Parton,"""Sunday, Cruddy Sunday""[226]"
382,10,Pat Summerall,"""Sunday, Cruddy Sunday""[226]"
383,10,Fred Willard,"""Sunday, Cruddy Sunday""[226]"
384,10,"Ed Begley, Jr.","""Homer to the Max""[228]"
385,10,Jan Hooks,"""I'm with Cupid""[229]"
386,10,Elton John,"""I'm with Cupid""[229]"
387,10,Marcia Wallace,"""I'm with Cupid"""
388,10,John Kassir,"""Marge Simpson in: ""Screaming Yellow Honkers""""[70]"
389,10,Marcia Wallace,"""Marge Simpson in: ""Screaming Yellow Honkers"""""
390,10,"Hank Williams, Jr.","""Marge Simpson in: ""Screaming Yellow Honkers""""[70]"
391,10,Marcia Wallace,"""Simpsons Bible Stories"""
392,10,Michael Dees,"""Mom and Pop Art"""
393,10,Jasper Johns,"""Mom and Pop Art""[230]"
394,10,Isabella Rossellini,"""Mom and Pop Art""[230]"
395,10,Marcia Wallace,"""Mom and Pop Art"""
396,10,Jack LaLanne,"""The Old Man and the ""C"" Student""[231]"
397,10,NRBQ,"""The Old Man and the ""C"" Student""[231]"
398,10,Michael McKean,"""Monty Can't Buy Me Love""[232]"
399,10,Stephen Hawking,"""They Saved Lisa's Brain""[233]"
400,10,Denice Kumagai,"""Thirty Minutes over Tokyo""[234]"
401,10,Karen Maruyama,"""Thirty Minutes over Tokyo""[234]"
402,10,George Takei,"""Thirty Minutes over Tokyo""[235]"
403,10,Gedde Watanabe,"""Thirty Minutes over Tokyo""[234]"
404,10,Keone Young,"""Thirty Minutes over Tokyo""[234]"
405,11,Jack Burns,"""Beyond Blunderdome""[236]"
406,11,Mel Gibson,"""Beyond Blunderdome""[236]"
407,11,Marcia Wallace,"""Beyond Blunderdome"""
408,11,Mark McGwire,"""Brother's Little Helper""[237]"
409,11,Marcia Wallace,"""Brother's Little Helper"""
410,11,Edward Asner,"""Guess Who's Coming to Criticize Dinner?""[238]"
411,11,Marcia Wallace,"""Guess Who's Coming to Criticize Dinner?"""
412,11,Tom Arnold,"""Treehouse of Horror X""[239]"
413,11,Dick Clark,"""Treehouse of Horror X""[239]"
414,11,Lucy Lawless,"""Treehouse of Horror X""[239]"
415,11,Frank Welker,"""Treehouse of Horror X""[70]"
416,11,The B-52's,"""E-I-E-I-(Annoyed Grunt)""[240]"
417,11,Marcia Wallace,"""E-I-E-I-(Annoyed Grunt)"""
418,11,Frank Welker,"""E-I-E-I-(Annoyed Grunt)""[70]"
419,11,Ron Howard,"""Hello Gutter, Hello Fadder""[241]"
420,11,Penn Jillette,"""Hello Gutter, Hello Fadder""[241]"
421,11,Pat O'Brien,"""Hello Gutter, Hello Fadder""[241]"
422,11,Nancy O'Dell,"""Hello Gutter, Hello Fadder""[241]"
423,11,Teller,"""Hello Gutter, Hello Fadder""[241]"
424,11,Marcia Wallace,"""Hello Gutter, Hello Fadder"""
425,11,Jan Hooks,"""Eight Misbehavin'""[242]"
426,11,Garry Marshall,"""Eight Misbehavin'""[242]"
427,11,Butch Patrick,"""Eight Misbehavin'""[242]"
428,11,Marcia Wallace,"""Eight Misbehavin'"""
429,11,Frank Welker,"""Eight Misbehavin'""[243]"
430,11,John Goodman,"""Take My Wife, Sleaze""[244]"
431,11,Jan Hooks,"""Take My Wife, Sleaze""[244]"
432,11,Jay North,"""Take My Wife, Sleaze""[244]"
433,11,NRBQ,"""Take My Wife, Sleaze""[244]"
434,11,Marcia Wallace,"""Take My Wife, Sleaze"""
435,11,Henry Winkler,"""Take My Wife, Sleaze""[244]"
436,11,Clarence Clemons,"""Grift of the Magi""[245]"
437,11,Gary Coleman,"""Grift of the Magi""[245]"
438,11,Joe Mantegna,"""Grift of the Magi""[245]"
439,11,Tim Robbins,"""Grift of the Magi""[245]"
440,11,Marcia Wallace,"""Grift of the Magi"""
441,11,Elwood Edwards,"""Little Big Mom""[246]"
442,11,Marcia Wallace,"""Little Big Mom"""
443,11,Don Cheadle,"""Faith Off""[247]"
444,11,Joe Mantegna,"""Faith Off""[247]"
445,11,Marcia Wallace,"""Faith Off"""
446,11,Britney Spears,"""The Mansion Family""[248]"
447,11,Randy Bachman,"""Saddlesore Galactica""[249]"
448,11,Jim Cummings,"""Saddlesore Galactica""[70]"
449,11,Trevor Denman,"""Saddlesore Galactica""[249]"
450,11,Fred Turner,"""Saddlesore Galactica""[249]"
451,11,Shawn Colvin,"""Alone Again, Natura-Diddily""[250]"
452,11,Marcia Wallace,"""Alone Again, Natura-Diddily"""
453,11,Frank Welker,"""Alone Again, Natura-Diddily""[70]"
454,11,Betty White,"""Missionary: Impossible""[251]"
455,11,Marcia Wallace,"""Pygmoelian"""
456,11,Marcia Wallace,"""Days of Wine and D'oh'ses"""
457,11,Diedrich Bader,"""Kill the Alligator and Run""[252]"
458,11,Joe C.,"""Kill the Alligator and Run""[252]"
459,11,Robert Evans,"""Kill the Alligator and Run""[252]"
460,11,Kid Rock,"""Kill the Alligator and Run""[252]"
461,11,Charlie Rose,"""Kill the Alligator and Run""[252]"
462,11,Frank Welker,"""Last Tap Dance in Springfield""[70]"
463,11,Parker Posey,"""It's a Mad, Mad, Mad, Mad Marge""[253]"
464,11,Marcia Wallace,"""It's a Mad, Mad, Mad, Mad Marge"""
465,11,Marc Wilmore,"""It's a Mad, Mad, Mad, Mad Marge""[70]"
466,11,Jim Forbes,"""Behind the Laughter""[254]"
467,11,Willie Nelson,"""Behind the Laughter""[254]"
468,11,Marcia Wallace,"""Behind the Laughter"""
469,12,Frank Welker,"""Treehouse of Horror XI"""
470,12,Gary Coleman,"""A Tale of Two Springfields""[255]"
471,12,Marcia Wallace,"""A Tale of Two Springfields"""
472,12,Frank Welker,"""A Tale of Two Springfields""[70]"
473,12,The Who[N],"""A Tale of Two Springfields""[255]"
474,12,Drew Barrymore,"""Insane Clown Poppy""[256]"
475,12,Stephen King,"""Insane Clown Poppy""[256]"
476,12,Joe Mantegna,"""Insane Clown Poppy""[256]"
477,12,Jay Mohr,"""Insane Clown Poppy""[256]"
478,12,Amy Tan,"""Insane Clown Poppy""[256]"
479,12,John Updike,"""Insane Clown Poppy""[256]"
480,12,Joshua Jackson,"""Lisa the Tree Hugger""[257]"
481,12,Leeza Gibbons,"""Homer vs. Dignity""[258]"
482,12,Marcia Wallace,"""Homer vs. Dignity"""
483,12,Patrick McGoohan,"""The Computer Wore Menace Shoes""[259]"
484,12,Marcia Wallace,"""The Computer Wore Menace Shoes"""
485,12,Edward Norton,"""The Great Money Caper""[260]"
486,12,Marcia Wallace,"""Skinner's Sense of Snow"""
487,12,Michael Keaton,"""Pokey Mom""[261]"
488,12,Charles Napier,"""Pokey Mom""[261]"
489,12,Robert Schimmel,"""Pokey Mom""[261]"
490,12,Bruce Vilanch,"""Pokey Mom""[261]"
491,12,Marcia Wallace,"""Pokey Mom"""
492,12,Neil Armstrong (archival),"""Worst Episode Ever"""
493,12,Johnnie Cochran (archival),"""Worst Episode Ever"""
494,12,Richard Nixon (archival),"""Worst Episode Ever"""
495,12,Tom Savini,"""Worst Episode Ever""[262]"
496,12,Andre Agassi,"""Tennis the Menace""[263]"
497,12,Pete Sampras,"""Tennis the Menace""[263]"
498,12,Marcia Wallace,"""Tennis the Menace"""
499,12,Serena Williams,"""Tennis the Menace""[263]"
500,12,Venus Williams,"""Tennis the Menace""[263]"
501,12,Gary Coleman,"""Day of the Jackanapes""[264]"
502,12,Kelsey Grammer,"""Day of the Jackanapes""[264]"
503,12,'N Sync[O],"""New Kids on the Blecch""[265]"
504,12,Tony Battaglia,"""New Kids on the Blecch""[266]"
505,12,Ben Bledsoe,"""New Kids on the Blecch""[266]"
506,12,"Michael ""J"" Horn","""New Kids on the Blecch""[266]"
507,12,Marc Terenzi,"""New Kids on the Blecch""[266]"
508,12,Stacy Keach,"""Hungry, Hungry Homer""[267]"
509,12,Marcia Wallace,"""Hungry, Hungry Homer"""
510,12,Kathy Griffin,"""Bye Bye Nerdie""[268]"
511,12,Jan Hooks,"""Bye Bye Nerdie""[268]"
512,12,Marcia Wallace,"""Bye Bye Nerdie"""
513,12,Frank Welker,"""Simpson Safari""[70]"
514,12,Joe Mantegna,"""Trilogy of Error""[269]"
515,12,Frankie Muniz,"""Trilogy of Error""[269]"
516,12,Shawn Colvin,"""I'm Goin' to Praiseland""[270]"
517,12,Marcia Wallace,"""I'm Goin' to Praiseland"""
518,12,Marcia Wallace,"""Simpsons Tall Tales"""
519,12,Frank Welker,"""Simpsons Tall Tales""[70]"
520,13,Pierce Brosnan,"""Treehouse of Horror XII""[271]"
521,13,Matthew Perry,"""Treehouse of Horror XII""[271]"
522,13,Marcia Wallace,"""Treehouse of Horror XII"""
523,13,Jess Harnell,"""The Parent Rap""[70]"
524,13,Jane Kaczmarek,"""The Parent Rap""[272]"
525,13,Marcia Wallace,"""The Parent Rap"""
526,13,R.E.M.[P],"""Homer the Moe""[273]"
527,13,Julia Louis-Dreyfus,"""A Hunka Hunka Burns in Love""[274]"
528,13,George Takei,"""A Hunka Hunka Burns in Love""[274]"
529,13,Joe Mantegna,"""The Blunder Years""[275]"
530,13,Paul Newman,"""The Blunder Years""[275]"
531,13,Judith Owen,"""The Blunder Years""[275]"
532,13,Richard Gere,"""She of Little Faith""[276]"
533,13,Jane Kaczmarek,"""Brawl in the Family""[277]"
534,13,Delroy Lindo,"""Brawl in the Family""[277]"
535,13,Ben Stiller,"""Sweets and Sour Marge""[278]"
536,13,Dana Gould,"""Jaws Wired Shut""[70]"
537,13,John Kassir,"""Jaws Wired Shut""[70]"
538,13,Jon Lovitz,"""Half-Decent Proposal""[279]"
539,13,Marcia Wallace,"""Half-Decent Proposal"""
540,13,Wolfgang Puck,"""The Bart Wants What It Wants""[280]"
541,13,Reese Witherspoon,"""The Bart Wants What It Wants""[280]"
542,13,Dennis Weaver,"""The Lastest Gun in the West""[281]"
543,13,Frank Welker,"""The Lastest Gun in the West""[281]"
544,13,Olympia Dukakis,"""The Old Man and the Key""[282]"
545,13,Bill Saluga,"""The Old Man and the Key""[282]"
546,13,Sally Stevens,"""Tales from the Public Domain"""
547,13,Phish[Q],"""Weekend at Burnsie's""[283]"
548,13,Stan Lee,"""I Am Furious (Yellow)""[284]"
549,13,Marcia Wallace,"""I Am Furious (Yellow)"""
550,13,James Lipton,"""The Sweetest Apu""[285]"
551,13,Robert Pinsky,"""Little Girl in the Big Ten""[286]"
552,13,Carmen Electra,"""The Frying Game""[287]"
553,13,Frances Sternhagen,"""The Frying Game""[287]"
554,13,Joe Mantegna,"""Poppa's Got a Brand New Badge""[288]"
555,13,Marcia Wallace,"""Poppa's Got a Brand New Badge"""
556,14,Elvis Costello,"""How I Spent My Strummer Vacation""[289]"
557,14,Mick Jagger,"""How I Spent My Strummer Vacation""[289]"
558,14,Lenny Kravitz,"""How I Spent My Strummer Vacation""[289]"
559,14,Tom Petty,"""How I Spent My Strummer Vacation""[289]"
560,14,Keith Richards,"""How I Spent My Strummer Vacation""[289]"
561,14,Brian Setzer,"""How I Spent My Strummer Vacation""[289]"
562,14,Marcia Wallace,"""How I Spent My Strummer Vacation"""
563,14,Tony Bennett,"""Bart vs. Lisa vs. the Third Grade""[290]"
564,14,Marcia Wallace,"""Bart vs. Lisa vs. the Third Grade"""
565,14,Baha Men[R],"""Large Marge""[291]"
566,14,Jan Hooks,"""Large Marge""[291]"
567,14,Marcia Wallace,"""Large Marge"""
568,14,Burt Ward,"""Large Marge""[291]"
569,14,Adam West,"""Large Marge""[291]"
570,14,Larry Holmes,"""Helter Shelter""[292]"
571,14,David Lander,"""Helter Shelter""[292]"
572,14,Kelsey Grammer,"""The Great Louse Detective""[293]"
573,14,Sally Stevens,"""The Great Louse Detective""[293]"
574,14,Little Richard,"""Special Edna""[294]"
575,14,Marcia Wallace,"""Special Edna"""
576,14,Elliott Gould,"""The Dad Who Knew Too Little""[295]"
577,14,Pamela Reed,"""Strong Arms of the Ma""[296]"
578,14,Ken Burns,"""Pray Anything"""
579,14,Lisa Leslie,"""Pray Anything""[297]"
580,14,Blink-182[S],"""Barting Over""[298]"
581,14,Tony Hawk,"""Barting Over""[298]"
582,14,Jane Kaczmarek,"""Barting Over""[298]"
583,14,Marcia Wallace,"""Barting Over"""
584,14,George Plimpton,"""I'm Spelling as Fast as I Can""[299]"
585,14,James L. Brooks,"""A Star Is Born Again""[300]"
586,14,Helen Fielding,"""A Star Is Born Again""[300]"
587,14,Gene Merlino,"""A Star Is Born Again"""
588,14,Marisa Tomei,"""A Star Is Born Again""[300]"
589,14,Marcia Wallace,"""A Star Is Born Again"""
590,14,Joe Mantegna,"""Mr. Spritz Goes to Washington""[301]"
591,14,Eric Idle,"""'Scuse Me While I Miss the Sky""[302]"
592,14,Joe Mantegna,"""'Scuse Me While I Miss the Sky""[302]"
593,14,Marcia Wallace,"""'Scuse Me While I Miss the Sky"""
594,14,Terry W. Greene,"""Three Gays of the Condo"""
595,14,Ben Schatz,"""Three Gays of the Condo""[303]"
596,14,Scott Thompson,"""Three Gays of the Condo""[303]"
597,14,"""Weird Al"" Yankovic","""Three Gays of the Condo""[303]"
598,14,David Byrne,"""Dude, Where's My Ranch?""[304]"
599,14,Andy Serkis,"""Dude, Where's My Ranch?""[304]"
600,14,Jonathan Taylor Thomas,"""Dude, Where's My Ranch?""[304]"
601,14,Stacy Keach,"""Old Yeller Belly""[305]"
602,14,John Kassir,"""Old Yeller Belly""[70]"
603,14,Jackson Browne,"""Brake My Wife, Please""[306]"
604,14,Steve Buscemi,"""Brake My Wife, Please""[306]"
605,14,Jane Kaczmarek,"""Brake My Wife, Please""[306]"
606,14,Marcia Wallace,"""Brake My Wife, Please"""
607,14,Joe Mantegna,"""Moe Baby Blues""[307]"
608,15,Oscar De La Hoya,"""Treehouse of Horror XIV""[308]"
609,15,Jennifer Garner,"""Treehouse of Horror XIV""[308]"
610,15,Dudley R. Herschbach,"""Treehouse of Horror XIV""[308]"
611,15,Jerry Lewis,"""Treehouse of Horror XIV""[308]"
612,15,Glenn Close,"""My Mother the Carjacker""[309]"
613,15,Michael Moore,"""The President Wore Pearls""[310]"
614,15,Marcia Wallace,"""The President Wore Pearls"""
615,15,Tony Blair,"""The Regina Monologues""[311]"
616,15,Jane Leeves,"""The Regina Monologues""[311]"
617,15,Evan Marriott,"""The Regina Monologues""[311]"
618,15,Ian McKellen,"""The Regina Monologues""[311]"
619,15,J. K. Rowling,"""The Regina Monologues""[311]"
620,15,Charles Napier,"""The Fat and the Furriest""[312]"
621,15,Jackie Mason,"""Today I Am A Clown""[313]"
622,15,Mr. T,"""Today I Am A Clown""[313]"
623,15,Jim Gilstrap,"""'Tis the Fifteenth Season""[70]"
624,15,Marcia Wallace,"""Marge vs. Singles, Seniors, Childless Couples and Teens and Gays"""
625,15,Tom Clancy,"""Diatribe of a Mad Housewife""[314]"
626,15,Ashley Olsen,"""Diatribe of a Mad Housewife""[314]"
627,15,Mary-Kate Olsen,"""Diatribe of a Mad Housewife""[314]"
628,15,Thomas Pynchon,"""Diatribe of a Mad Housewife""[314]"
629,15,Nick Bakay,"""Milhouse Doesn't Live Here Anymore""[315]"
630,15,William Daniels,"""Milhouse Doesn't Live Here Anymore""[315]"
631,15,Isabel Sanford,"""Milhouse Doesn't Live Here Anymore""[315]"
632,15,Dick Tufeld,"""Milhouse Doesn't Live Here Anymore""[315]"
633,15,Marcia Wallace,"""Milhouse Doesn't Live Here Anymore"""
634,15,Simon Cowell,"""Smart and Smarter""[316]"
635,15,Jon Lovitz,"""The Ziff Who Came to Dinner""[317]"
636,15,Brave Combo,"""Co-Dependent's Day""[318]"
637,15,Marcia Wallace,"""Co-Dependent's Day"""
638,15,Sarah Michelle Gellar,"""The Wandering Juvie""[319]"
639,15,Jane Kaczmarek,"""The Wandering Juvie""[319]"
640,15,Charles Napier,"""The Wandering Juvie""[319]"
641,15,Marcia Wallace,"""The Wandering Juvie"""
642,15,Matt Groening,"""My Big Fat Geek Wedding""[320]"
643,15,Marcia Wallace,"""My Big Fat Geek Wedding"""
644,15,Mark Campbell,"""Simple Simpson""[70]"
645,15,Nichelle Nichols,"""Simple Simpson""[70][321]"
646,15,Marcia Wallace,"""The Bart-Mangled Banner"""
647,16,Marie Cain,"""Treehouse of Horror XV"""
648,16,James Caan,"""All's Fair in Oven War""[322]"
649,16,Thomas Pynchon,"""All's Fair in Oven War""[322]"
650,16,Marcia Wallace,"""All's Fair in Oven War"""
651,16,Marcia Wallace,"""Sleeping with the Enemy"""
652,16,Kim Cattrall,"""She Used to Be My Girl""[323]"
653,16,Michael Dees,"""She Used to Be My Girl"""
654,16,Terry W. Greene,"""Fat Man and Little Boy"""
655,16,Eric Idle,"""Fat Man and Little Boy""[324]"
656,16,Tom Brady,"""Homer and Ned's Hail Mary Pass""[325]"
657,16,LeBron James,"""Homer and Ned's Hail Mary Pass""[325]"
658,16,Michelle Kwan,"""Homer and Ned's Hail Mary Pass""[325]"
659,16,Warren Sapp,"""Homer and Ned's Hail Mary Pass""[325]"
660,16,Yao Ming,"""Homer and Ned's Hail Mary Pass""[325]"
661,16,50 Cent,"""Pranksta Rap""[326]"
662,16,Dana Gould,"""Pranksta Rap"""
663,16,Marcia Wallace,"""There's Something About Marrying"""
664,16,Gary Busey,"""On a Clear Day I Can't See My Sister""[327]"
665,16,Jane Kaczmarek,"""On a Clear Day I Can't See My Sister""[327]"
666,16,Marcia Wallace,"""On a Clear Day I Can't See My Sister"""
667,16,Lucy Liu,"""Goo Goo Gai Pan""[328]"
668,16,Robert Wagner,"""Goo Goo Gai Pan""[328]"
669,16,Frank Gehry,"""The Seven-Beer Snitch""[329]"
670,16,Joe Mantegna,"""The Seven-Beer Snitch""[329]"
671,16,Charles Napier,"""The Seven-Beer Snitch""[329]"
672,16,John DiMaggio,"""Future-Drama""[330]"
673,16,Amy Poehler,"""Future-Drama""[330]"
674,16,Marcia Wallace,"""Future-Drama"""
675,16,Stephen Hawking,"""Don't Fear the Roofer""[331]"
676,16,Ray Romano,"""Don't Fear the Roofer""[331]"
677,16,Albert Brooks,"""The Heartbroke Kid""[332]"
678,16,Marcia Wallace,"""The Heartbroke Kid"""
679,16,Fantasia Barrino,"""A Star Is Torn""[333]"
680,16,Baha Men,"""Thank God, It's Doomsday""[334]"
681,16,Los Lobos,"""Thank God, It's Doomsday""[335]"
682,16,Jason Bateman,"""Home Away from Homer""[336]"
683,16,Liam Neeson,"""The Father, the Son, and the Holy Guest Star""[337]"
684,16,Marcia Wallace,"""The Father, the Son, and the Holy Guest Star"""
685,17,Alec Baldwin,"""Bonfire of the Manatees""[338]"
686,17,Joe Mantegna,"""Bonfire of the Manatees""[338]"
687,17,Terry Bradshaw,"""Treehouse of Horror XVI""[339]"
688,17,Terry W. Greene,"""Treehouse of Horror XVI"""
689,17,Dennis Rodman,"""Treehouse of Horror XVI""[339]"
690,17,Lily Tomlin,"""The Last of the Red Hat Mamas""[340]"
691,17,Maria Grazia Cucinotta,"""The Italian Bob""[341]"
692,17,Kelsey Grammer,"""The Italian Bob""[341]"
693,17,Marcia Wallace,"""The Italian Bob"""
694,17,Joe Frazier,"""Homer's Paternity Coot""[342]"
695,17,William H. Macy,"""Homer's Paternity Coot""[342]"
696,17,Michael York,"""Homer's Paternity Coot""[342]"
697,17,Marcia Wallace,"""We're on the Road to D'ohwhere"""
698,17,Marcia Wallace,"""My Fair Laddy"""
699,17,Michael Dees,"""The Seemingly Never-Ending Story"""
700,17,Maurice LaMarche,"""The Seemingly Never-Ending Story""[343]"
701,17,Marcia Wallace,"""The Seemingly Never-Ending Story"""
702,17,Antonio Fargas,"""Bart Has Two Mommies""[344]"
703,17,Randy Johnson,"""Bart Has Two Mommies""[344]"
704,17,Susan Sarandon,"""Bart Has Two Mommies""[344]"
705,17,Dave Thomas,"""Bart Has Two Mommies""[344]"
706,17,Ricky Gervais,"""Homer Simpson, This Is Your Wife""[345]"
707,17,Marcia Wallace,"""Homer Simpson, This Is Your Wife"""
708,17,Michael Carrington,"""Million Dollar Abie""[70]"
709,17,Rob Reiner,"""Million Dollar Abie""[346]"
710,17,Richard Dean Anderson,"""Kiss Kiss, Bang Bangalore""[347]"
711,17,Meher Tatna,"""Kiss Kiss, Bang Bangalore""[70]"
712,17,Amick Byram,"""Girls Just Want to Have Sums"""
713,17,Jim Gilstrap,"""Girls Just Want to Have Sums""[70]"
714,17,Bob Joyce,"""Girls Just Want to Have Sums"""
715,17,Frances McDormand,"""Girls Just Want to Have Sums""[348]"
716,17,Sally Stevens,"""Girls Just Want to Have Sums"""
717,17,Marcia Wallace,"""Girls Just Want to Have Sums"""
718,17,Oren Waters,"""Girls Just Want to Have Sums"""
719,17,Sal Bando,"""Regarding Margie""[349]"
720,17,Gene Tenace,"""Regarding Margie""[349]"
721,17,Marcia Wallace,"""Regarding Margie"
722,17,Melanie Griffith,"""The Monkey Suit""[350]"
723,17,Larry Hagman,"""The Monkey Suit""[350]"
724,17,Stacy Keach,"""Marge and Homer Turn a Couple Play""[351]"
725,17,Mandy Moore,"""Marge and Homer Turn a Couple Play""[351]"
726,18,Michael Imperioli,"""The Mook, the Chef, the Wife and Her Homer""[352]"
727,18,Joe Mantegna,"""The Mook, the Chef, the Wife and Her Homer""[352]"
728,18,Metallica[T],"""The Mook, the Chef, the Wife and Her Homer""[352]"
729,18,Joe Pantoliano,"""The Mook, the Chef, the Wife and Her Homer""[352]"
730,18,Larina Jean Adamson,"""Jazzy and the Pussycats"""
731,18,The White Stripes[U],"""Jazzy and the Pussycats""[353]"
732,18,Fran Drescher,"""Treehouse of Horror XVII""[354]"
733,18,Maurice LaMarche,"""Treehouse of Horror XVII""[354]"
734,18,Richard Lewis,"""Treehouse of Horror XVII""[354]"
735,18,Phil McGraw,"""Treehouse of Horror XVII""[354]"
736,18,Sir Mix-a-Lot,"""Treehouse of Horror XVII""[354]"
737,18,Marcia Wallace,"""Treehouse of Horror XVII"""
738,18,Maurice LaMarche,"""G.I. (Annoyed Grunt)""[355]"
739,18,Kiefer Sutherland,"""G.I. (Annoyed Grunt)""[355]"
740,18,Michael Chabon,"""Moe'N'a Lisa""[356]"
741,18,Jonathan Franzen,"""Moe'N'a Lisa""[356]"
742,18,J. K. Simmons,"""Moe'N'a Lisa""[356]"
743,18,Gore Vidal,"""Moe'N'a Lisa""[356]"
744,18,Tom Wolfe,"""Moe'N'a Lisa""[356]"
745,18,Elvis Stojko,"""Kill Gil, Volumes I & II""[357]"
746,18,Dana Gould,"""The Wife Aquatic"""
747,18,Maurice LaMarche,"""The Wife Aquatic""[358]"
748,18,Sab Shimono,"""The Wife Aquatic""[358]"
749,18,Natalie Portman,"""Little Big Girl""[359]"
750,18,Eric Idle,"""Springfield Up""[360]"
751,18,Peter Bogdanovich,"""Yokel Chords""[361]"
752,18,Andy Dick,"""Yokel Chords""[361]"
753,18,James Patterson,"""Yokel Chords""[361]"
754,18,Meg Ryan,"""Yokel Chords""[361]"
755,18,Stephen Sondheim,"""Yokel Chords""[361]"
756,18,Marcia Wallace,"""Yokel Chords"""
757,18,Jane Kaczmarek,"""Rome-old and Juli-eh""[362]"
758,18,Jon Lovitz,"""Homerazzi""[363]"
759,18,J. K. Simmons,"""Homerazzi""[363]"
760,18,Betty White,"""Homerazzi""[363]"
761,18,Ronaldo,"""Marge Gamer""[364]"
762,18,Marcia Wallace,"""Marge Gamer"""
763,18,Rudy Giuliani[V],"""Stop or My Dog Will Shoot""[365]"
764,18,Stephen Hawking,"""Stop or My Dog Will Shoot""[366]"
765,18,Maurice LaMarche,"""Stop or My Dog Will Shoot""[366]"
766,18,Marcia Wallace,"""Stop or My Dog Will Shoot"""
767,18,Mary Lynn Rajskub,"""24 Minutes""[367]"
768,18,Kiefer Sutherland,"""24 Minutes""[367]"
769,18,Maurice LaMarche,"""You Kent Always Say What You Want""[368]"
770,18,Ludacris,"""You Kent Always Say What You Want""[368]"
771,Movie,Albert Brooks,The Simpsons Movie[369]
772,Movie,Green Day[W],The Simpsons Movie[369]
773,Movie,Tom Hanks,The Simpsons Movie[369]
774,Movie,Joe Mantegna,The Simpsons Movie[369]
775,Movie,Phil Rosenthal,The Simpsons Movie[369]
776,Movie,Marcia Wallace,The Simpsons Movie[369]
777,19,Stephen Colbert,"""He Loves to Fly and He D'ohs""[370]"
778,19,Lionel Richie,"""He Loves to Fly and He D'ohs""[370]"
779,19,Plácido Domingo,"""Homer of Seville""[371]"
780,19,Maya Rudolph,"""Homer of Seville""[371]"
781,19,Matt Dillon,"""Midnight Towboy""[372]"
782,19,Steve Buscemi,"""I Don't Wanna Know Why the Caged Bird Sings""[373]"
783,19,Julia Louis-Dreyfus,"""I Don't Wanna Know Why the Caged Bird Sings""[373]"
784,19,Ted Nugent,"""I Don't Wanna Know Why the Caged Bird Sings""[373]"
785,19,Maurice LaMarche,"""Treehouse of Horror XVIII""[70]"
786,19,Jack Black,"""Husbands and Knives""[374][375]"
787,19,Daniel Clowes,"""Husbands and Knives""[374][375]"
788,19,Maurice LaMarche,"""Husbands and Knives""[374][375]"
789,19,Sang Am Lee,"""Husbands and Knives""[374][375]"
790,19,Alan Moore,"""Husbands and Knives""[374][375]"
791,19,Art Spiegelman,"""Husbands and Knives""[374][375]"
792,19,Kelsey Grammer,"""Funeral for a Fiend""[376]"
793,19,John Mahoney,"""Funeral for a Fiend""[376]"
794,19,Keith Olbermann,"""Funeral for a Fiend""[376]"
795,19,David Hyde Pierce,"""Funeral for a Fiend""[376]"
796,19,Dan Rather,"""E Pluribus Wiggum""[377]"
797,19,Jon Stewart,"""E Pluribus Wiggum""[377]"
798,19,Michael Dees,"""That '90s Show"""
799,19,Kurt Loder,"""That '90s Show""[378]"
800,19,"""Weird Al"" Yankovic","""That 90's Show""[378]"
801,19,Topher Grace,"""The Debarted""[379]"
802,19,Terry Gross,"""The Debarted""[379]"
803,19,Marcia Wallace,"""The Debarted""[379]"
804,19,Marcia Wallace,"""Dial ""N"" for Nerder"""
805,19,Beverly D'Angelo,"""Papa Don't Leech""[380]"
806,19,Dixie Chicks[X],"""Papa Don't Leech""[380]"
807,19,Zooey Deschanel,"""Apocalypse Cow""[381]"
808,19,Jim Jarmusch,"""Any Given Sundance""[382]"
809,19,John C. Reilly,"""Any Given Sundance""[382]"
810,19,Lance Armstrong,"""Mona Leaves-a""[383]"
811,19,Glenn Close,"""Mona Leaves-a""[383]"
812,19,Drew Carey,"""All About Lisa""[384]"
813,20,Robert Forster,"""Sex, Pies and Idiot Scrapes""[385]"
814,20,Julia Louis-Dreyfus,"""Sex, Pies and Idiot Scrapes""[385]"
815,20,Joe Mantegna,"""Sex, Pies and Idiot Scrapes""[385]"
816,20,Brian Grazer,"""Lost Verizon""[386]"
817,20,Denis Leary,"""Lost Verizon""[386]"
818,20,Joe Montana,"""Double, Double, Boy in Trouble""[387]"
819,20,Marcia Wallace,"""Treehouse of Horror XIX"""
820,20,Maurice LaMarche,"""Dangerous Curves""[388]"
821,20,Merl Reagle,"""Homer and Lisa Exchange Cross Words""[389]"
822,20,Will Shortz,"""Homer and Lisa Exchange Cross Words""[389]"
823,20,Scott Thompson,"""Homer and Lisa Exchange Cross Words""[389]"
824,20,Marcia Wallace,"""Homer and Lisa Exchange Cross Words"""
825,20,Shohreh Aghdashloo,"""Mypods and Boomsticks""[390]"
826,20,Marv Albert,"""The Burns and the Bees""[391]"
827,20,Jeff Bezos,"""The Burns and the Bees""[391]"
828,20,Mark Cuban,"""The Burns and the Bees""[391]"
829,20,Emily Blunt,"""Lisa the Drama Queen""[392]"
830,20,Fall Out Boy,"""Lisa the Drama Queen""[392]"
831,20,Marcia Wallace,"""Take My Life, Please"""
832,20,Marcia Wallace,"""How the Test Was Won"""
833,20,Maurice LaMarche,"""No Loan Again, Naturally""[70]"
834,20,Marcia Wallace,"""No Loan Again, Naturally"""
835,20,"Ed Begley, Jr.","""Gone Maggie Gone""[393]"
836,20,Glen Hansard,"""In the Name of the Grandfather""[394]"
837,20,Markéta Irglová,"""In the Name of the Grandfather""[394]"
838,20,Colm Meaney,"""In the Name of the Grandfather""[394]"
839,20,Marcia Wallace,"""In the Name of the Grandfather"""
840,20,Kelsey Grammer,"""Wedding for Disaster""[395]"
841,20,Anne Hathaway,"""The Good, the Sad and the Drugly""[396]"
842,20,Marcia Wallace,"""Father Knows Worst"""
843,20,Maurice LaMarche,"""Waverly Hills 9-0-2-1-D'oh""[397]"
844,20,Elliot Page[Y],"""Waverly Hills 9-0-2-1-D'oh""[397]"
845,20,Marcia Wallace,"""Waverly Hills 9-0-2-1-D'oh"""
846,20,Jodie Foster,"""Four Great Women and a Manicure""[398]"
